Timestamp,From Bank,Account,To Bank,Account_4,Amount Received,Receiving Currency,Amount Paid,Payment Currency,Payment Format,Is Laundering,Amount Difference,Absolute Difference,Hour,Day,Day of Week,Cross-bank,Currency Mismatch,Anomaly Score,Anomaly Rank,Risk Tier
2022-09-01 00:14:00,1,8008093B0,1,8008093B0,3480926.29,US Dollar,3480926.29,US Dollar,Reinvestment,0,0.0,0.0,0,Thursday,3,0,0,0.4188537226311476,218,Low
2022-09-01 00:01:00,1,802921370,1,802921370,13743.28,US Dollar,13743.28,US Dollar,Reinvestment,0,0.0,0.0,0,Thursday,3,0,0,0.37390291852741764,498,Low
2022-09-01 09:18:00,1,800DB4EF0,1,800DB4EF0,19.61,US Dollar,19.61,US Dollar,Reinvestment,0,0.0,0.0,9,Thursday,3,0,0,0.3778926211336923,457,Low
2022-09-01 17:57:00,1,80D2D6E70,1,80D2D6E70,7.92,US Dollar,7.92,US Dollar,Reinvestment,0,0.0,0.0,17,Thursday,3,0,0,0.40444454800613644,276,Low
2022-09-06 04:10:00,1,8003080E0,1,800580F30,16.76,US Dollar,16.76,US Dollar,Credit Card,0,0.0,0.0,4,Tuesday,1,0,0,0.43441764713449016,197,Low
2022-09-07 10:52:00,1,80005C0A0,1,8002552F0,174.6,US Dollar,174.6,US Dollar,Credit Card,0,0.0,0.0,10,Wednesday,2,0,0,0.3918819570654235,357,Low
2022-09-08 09:33:00,1,800456020,1,8023DBC00,787.57,US Dollar,787.57,US Dollar,Credit Card,0,0.0,0.0,9,Thursday,3,0,0,0.3802599106949992,436,Low
2022-09-01 00:26:00,1,8006F01C0,1,8006F01C0,384.52,US Dollar,384.52,US Dollar,Reinvestment,0,0.0,0.0,0,Thursday,3,0,0,0.3787589813573503,447,Low
2022-09-01 00:01:00,1,813837720,1,813837720,55241.41,US Dollar,55241.41,US Dollar,Reinvestment,0,0.0,0.0,0,Thursday,3,0,0,0.3761025190335887,474,Low
2022-09-01 17:17:00,1,8010B63F0,1,801F328B0,534.36,US Dollar,534.36,US Dollar,Cheque,0,0.0,0.0,17,Thursday,3,0,0,0.3884762248388767,377,Low
2022-09-06 10:20:00,1,80024F4A0,1,800327650,15963.95,US Dollar,15963.95,US Dollar,Credit Card,0,0.0,0.0,10,Tuesday,1,0,0,0.40890497675684806,252,Low
2022-09-01 00:10:00,1,802343330,1,802343330,6.67,US Dollar,6.67,US Dollar,Reinvestment,0,0.0,0.0,0,Thursday,3,0,0,0.3942990655748609,341,Low
2022-09-01 00:11:00,1,8051C1590,1,8051C1590,955.45,US Dollar,955.45,US Dollar,Reinvestment,0,0.0,0.0,0,Thursday,3,0,0,0.37432953324520557,494,Low
2022-09-01 00:13:00,1,80AEDAE40,1,80AEDAE40,74946.49,US Dollar,74946.49,US Dollar,Reinvestment,0,0.0,0.0,0,Thursday,3,0,0,0.3780504533736921,454,Low
2022-09-01 01:41:00,1,800300E30,1,800300E30,1000.61,Euro,1172.5,US Dollar,ACH,0,-171.89,171.89,1,Thursday,3,0,1,0.4437934193580252,176,Low
2022-09-01 03:08:00,1,802876820,1,802876820,16.1,US Dollar,16.1,US Dollar,Reinvestment,0,0.0,0.0,3,Thursday,3,0,0,0.37780022053807044,459,Low
2022-09-01 05:55:00,1,805F94180,1,805F94180,389.07,US Dollar,389.07,US Dollar,Reinvestment,0,0.0,0.0,5,Thursday,3,0,0,0.3818227168439826,424,Low
2022-09-01 09:51:00,1,8003DE9F0,1,8003DE9F0,105378.75,US Dollar,105378.75,US Dollar,Reinvestment,0,0.0,0.0,9,Thursday,3,0,0,0.3920923832987254,354,Low
2022-09-01 11:45:00,1,800413A20,1,800413A20,16.35,US Dollar,16.35,US Dollar,Reinvestment,0,0.0,0.0,11,Thursday,3,0,0,0.3796086131119738,444,Low
2022-09-02 09:56:00,1,8004818C0,1,800942830,1630.29,US Dollar,1630.29,US Dollar,Cheque,0,0.0,0.0,9,Friday,4,0,0,0.38179368150298537,425,Low
2022-09-04 23:05:00,1,80117B5B0,1,802C6C440,90.41,US Dollar,90.41,US Dollar,Credit Card,0,0.0,0.0,23,Sunday,6,0,0,0.4505332876009285,156,Low
2022-09-05 02:05:00,1,8005D92A0,1,800791830,59.42,US Dollar,59.42,US Dollar,Cheque,0,0.0,0.0,2,Monday,0,0,0,0.4299868876815445,201,Low
2022-09-06 23:29:00,1,800C1CAB0,1,800D0FD30,1443.54,US Dollar,1443.54,US Dollar,Credit Card,0,0.0,0.0,23,Tuesday,1,0,0,0.4225371356423141,209,Low
2022-09-07 02:53:00,1,8001F95B0,1,800BC2850,2349.22,US Dollar,2349.22,US Dollar,Cheque,0,0.0,0.0,2,Wednesday,2,0,0,0.3936361758607512,345,Low
2022-09-08 15:55:00,1,8001093C0,1,800789C50,36.07,US Dollar,36.07,US Dollar,Wire,0,0.0,0.0,15,Thursday,3,0,0,0.43973056029240803,182,Low
2022-09-01 08:32:00,1,8016586F0,1,8016586F0,23.73,US Dollar,23.73,US Dollar,Reinvestment,0,0.0,0.0,8,Thursday,3,0,0,0.3796873784174613,442,Low
2022-09-02 07:36:00,1,80005C790,1,80005C790,30.42,US Dollar,30.42,US Dollar,Cheque,0,0.0,0.0,7,Friday,4,0,0,0.4084954989266377,256,Low
2022-09-04 23:47:00,1,80005B9B0,1,80005B9B0,144.04,Euro,168.78,US Dollar,ACH,0,-24.74000000000001,24.74000000000001,23,Sunday,6,0,1,0.48079317342589145,101,Low
2022-09-06 07:26:00,1,8003D23C0,1,800779280,110.46,US Dollar,110.46,US Dollar,Cheque,0,0.0,0.0,7,Tuesday,1,0,0,0.40904102561764477,251,Low
2022-09-09 23:19:00,1,8000F4D20,1,8001EA4A0,2355.45,US Dollar,2355.45,US Dollar,Cheque,0,0.0,0.0,23,Friday,4,0,0,0.40850773921185124,255,Low
2022-09-01 00:01:00,1,8001C9040,1,8001C9040,162224.0,US Dollar,162224.0,US Dollar,Reinvestment,0,0.0,0.0,0,Thursday,3,0,0,0.3855412920399903,398,Low
2022-09-01 00:24:00,1,801A9BA10,1,801A9BA10,10195.59,US Dollar,10195.59,US Dollar,Reinvestment,0,0.0,0.0,0,Thursday,3,0,0,0.3754080565258022,480,Low
2022-09-01 00:28:00,1,80F298F10,1,80F298F10,1107.87,US Dollar,1107.87,US Dollar,Reinvestment,0,0.0,0.0,0,Thursday,3,0,0,0.3727965219660842,499,Low
2022-09-01 07:35:00,1,80A6B4870,1,80A6B4870,9.82,US Dollar,9.82,US Dollar,Reinvestment,0,0.0,0.0,7,Thursday,3,0,0,0.38505998664058916,404,Low
2022-09-01 22:46:00,1,80024DDD0,1,80024DDD0,37855.83,US Dollar,37855.83,US Dollar,Reinvestment,0,0.0,0.0,22,Thursday,3,0,0,0.4018565936048278,291,Low
2022-09-03 16:30:00,1,8006DF4C0,1,8006DF4C0,16036.54,Yuan,2394.37,US Dollar,ACH,0,13642.170000000002,13642.170000000002,16,Saturday,5,0,1,0.5078282942622874,56,Low
2022-09-05 11:24:00,1,8003D23C0,1,800779280,12.27,US Dollar,12.27,US Dollar,Wire,0,0.0,0.0,11,Monday,0,0,0,0.47087151441132685,120,Low
2022-09-05 14:08:00,1,800A65BB0,1,812806030,1296.71,US Dollar,1296.71,US Dollar,Cheque,0,0.0,0.0,14,Monday,0,0,0,0.40458227728835744,275,Low
2022-09-08 01:13:00,1,8001495E0,1,8001495E0,289.0,Euro,338.65,US Dollar,ACH,0,-49.64999999999998,49.64999999999998,1,Thursday,3,0,1,0.44710511553906535,167,Low
2022-09-01 00:21:00,1,8003B02B0,1,8003B02B0,1123.89,US Dollar,1123.89,US Dollar,Reinvestment,0,0.0,0.0,0,Thursday,3,0,0,0.3727558416574982,500,Low
2022-09-01 00:07:00,1,800A8D870,1,800A8D870,14.95,US Dollar,14.95,US Dollar,Reinvestment,0,0.0,0.0,0,Thursday,3,0,0,0.3754848599241155,479,Low
2022-09-01 00:25:00,1,800D6F2C0,1,800D6F2C0,25482.16,US Dollar,25482.16,US Dollar,Reinvestment,0,0.0,0.0,0,Thursday,3,0,0,0.3744329003836233,492,Low
2022-09-08 19:29:00,1,8010B63F0,1,801F328B0,534.36,US Dollar,534.36,US Dollar,Cheque,0,0.0,0.0,19,Thursday,3,0,0,0.3913563620618409,359,Low
2022-09-01 06:41:00,1,800394050,1,800394050,2357.44,Canadian Dollar,1786.89,US Dollar,ACH,0,570.55,570.55,6,Thursday,3,0,1,0.4816354770663014,98,Low
2022-09-01 07:47:00,1,80033E1F0,1,803E49B70,6031.32,US Dollar,6031.32,US Dollar,Cheque,0,0.0,0.0,7,Thursday,3,0,0,0.38540490559239016,401,Low
2022-09-01 17:54:00,1,80369FEB0,1,80369FEB0,21872.58,Euro,25629.93,US Dollar,ACH,0,-3757.3499999999985,3757.3499999999985,17,Thursday,3,0,1,0.4558359658969931,142,Low
2022-09-02 12:00:00,1,800D4AE60,1,800D4AE60,128.05,Swiss Franc,139.95,US Dollar,ACH,0,-11.899999999999977,11.899999999999977,12,Friday,4,0,1,0.5098018939045641,52,Low
2022-09-02 23:52:00,1,8002183B0,1,8002B62D0,358.14,US Dollar,358.14,US Dollar,Cheque,0,0.0,0.0,23,Friday,4,0,0,0.41075396713556933,241,Low
2022-09-03 13:53:00,1,80011E2A0,1,8021D9B20,63.08,US Dollar,63.08,US Dollar,Cheque,0,0.0,0.0,13,Saturday,5,0,0,0.4140965281485526,232,Low
2022-09-07 01:52:00,1,800422520,1,8023450E0,1606.06,US Dollar,1606.06,US Dollar,Cheque,0,0.0,0.0,1,Wednesday,2,0,0,0.3959130139670487,333,Low
2022-09-08 01:13:00,1,800BB2240,1,800BB2240,3739864625.0,Yen,35482586.57,US Dollar,ACH,0,3704382038.43,3704382038.43,1,Thursday,3,0,1,0.5820868792600882,16,High
2022-09-08 07:58:00,1,800057020,1,80018BA80,2296.32,US Dollar,2296.32,US Dollar,ACH,0,0.0,0.0,7,Thursday,3,0,0,0.3843774006676139,412,Low
2022-09-09 04:25:00,1,8001580D0,1,8001580D0,334.44,Euro,391.9,US Dollar,ACH,0,-57.45999999999998,57.45999999999998,4,Friday,4,0,1,0.4384574879346628,186,Low
2022-09-09 11:38:00,1,8000EDEC0,1,8001A4F40,890.42,US Dollar,890.42,US Dollar,Credit Card,0,0.0,0.0,11,Friday,4,0,0,0.3850294521172637,405,Low
2022-09-09 19:46:00,1,80248EF40,1,80357BA30,3690.57,US Dollar,3690.57,US Dollar,Cheque,0,0.0,0.0,19,Friday,4,0,0,0.39394182910457454,343,Low
2022-09-01 00:18:00,1,800189670,1,800189670,46445.36,US Dollar,46445.36,US Dollar,Reinvestment,0,0.0,0.0,0,Thursday,3,0,0,0.37670864447153546,467,Low
2022-09-01 05:32:00,1,8000F4D20,1,8006B92E0,389.72,US Dollar,389.72,US Dollar,Credit Card,0,0.0,0.0,5,Thursday,3,0,0,0.38521276019662715,403,Low
2022-09-01 06:11:00,1,8000F49E0,1,804237A50,3410.89,US Dollar,3410.89,US Dollar,Cheque,0,0.0,0.0,6,Thursday,3,0,0,0.38423060355373456,413,Low
2022-09-05 03:43:00,1,8023438C0,1,8023438C0,1673041.14,Ruble,21503.28,US Dollar,ACH,0,1651537.8599999999,1651537.8599999999,3,Monday,0,0,1,0.5273035593011259,33,Medium
2022-09-06 22:10:00,1,80005C3D0,1,80005C3D0,612881.33,US Dollar,612881.33,US Dollar,Cheque,0,0.0,0.0,22,Tuesday,1,0,0,0.45728020006258513,141,Low
2022-09-07 23:20:00,1,8013733E0,1,8013733E0,8923237.62,Yen,84660.7,US Dollar,ACH,0,8838576.92,8838576.92,23,Wednesday,2,0,1,0.5447560948827685,23,High
2022-09-09 11:47:00,1,800320950,1,801FE9E50,248.59,US Dollar,248.59,US Dollar,Credit Card,0,0.0,0.0,11,Friday,4,0,0,0.3865154934452599,389,Low
2022-09-10 07:39:00,1,80005C790,1,8000F1870,8921.69,US Dollar,8921.69,US Dollar,Wire,0,0.0,0.0,7,Saturday,5,0,0,0.45386462045732767,150,Low
2022-09-10 21:40:00,1,80056F970,1,800942830,9173.46,US Dollar,9173.46,US Dollar,Cheque,0,0.0,0.0,21,Saturday,5,0,0,0.41663564425082683,221,Low
2022-09-01 00:17:00,1,809363420,1,809363420,59610.52,US Dollar,59610.52,US Dollar,Reinvestment,0,0.0,0.0,0,Thursday,3,0,0,0.3770515208382657,463,Low
2022-09-01 11:10:00,1,80022C730,1,80022C730,3253.21,US Dollar,3253.21,US Dollar,Reinvestment,0,0.0,0.0,11,Thursday,3,0,0,0.3785257223183018,449,Low
2022-09-01 15:28:00,1,808A1CF30,1,808A1CF30,9066.27,US Dollar,9066.27,US Dollar,Reinvestment,0,0.0,0.0,15,Thursday,3,0,0,0.3812117843275627,430,Low
2022-09-01 16:29:00,1,80303A910,1,80303A910,38135.25,US Dollar,38135.25,US Dollar,Reinvestment,0,0.0,0.0,16,Thursday,3,0,0,0.3888531254314725,376,Low
2022-09-01 22:53:00,1,800C823E0,1,800C823E0,466372.05,US Dollar,466372.05,US Dollar,Reinvestment,0,0.0,0.0,22,Thursday,3,0,0,0.41955511084625097,214,Low
2022-09-02 01:59:00,1,800DCF170,1,800DCF170,2396.46,Euro,2808.13,US Dollar,ACH,0,-411.6700000000001,411.6700000000001,1,Friday,4,0,1,0.44869102750049067,159,Low
2022-09-05 20:05:00,1,8001142C0,1,8003BAD20,12757.83,US Dollar,12757.83,US Dollar,Cheque,0,0.0,0.0,20,Monday,0,0,0,0.42531091499920226,206,Low
2022-09-07 08:00:00,1,8001AA760,1,80040DA80,59.83,US Dollar,59.83,US Dollar,ACH,0,0.0,0.0,8,Wednesday,2,0,0,0.3999705287106619,304,Low
2022-09-01 00:21:00,1,808C3C760,1,808C3C760,67472.77,US Dollar,67472.77,US Dollar,Reinvestment,0,0.0,0.0,0,Thursday,3,0,0,0.3771286875507833,462,Low
2022-09-01 00:25:00,1,80F467BD0,1,80F467BD0,15508.92,US Dollar,15508.92,US Dollar,Reinvestment,0,0.0,0.0,0,Thursday,3,0,0,0.37432616280728054,495,Low
2022-09-01 11:09:00,1,800054E60,1,800054E60,947389.86,US Dollar,947389.86,US Dollar,Reinvestment,0,0.0,0.0,11,Thursday,3,0,0,0.40889034607289404,253,Low
2022-09-01 11:38:00,1,8002183B0,1,8002B62D0,9.79,US Dollar,9.79,US Dollar,ACH,0,0.0,0.0,11,Thursday,3,0,0,0.4068169851597213,265,Low
2022-09-01 18:35:00,1,800F29A40,1,800F29A40,1101.93,US Dollar,1101.93,US Dollar,Reinvestment,0,0.0,0.0,18,Thursday,3,0,0,0.3877732776766924,383,Low
2022-09-01 19:01:00,1,800252F30,1,800252F30,120.81,US Dollar,120.81,US Dollar,Reinvestment,0,0.0,0.0,19,Thursday,3,0,0,0.3963989264761045,329,Low
2022-09-05 04:05:00,1,8006AF880,1,8006AF880,2146543.72,Ruble,27589.12,US Dollar,ACH,0,2118954.6,2118954.6,4,Monday,0,0,1,0.524470275783643,35,Medium
2022-09-09 15:03:00,1,800057A10,1,800057A10,866419.14,US Dollar,866419.14,US Dollar,Cash,0,0.0,0.0,15,Friday,4,0,0,0.4596752747370821,138,Low
2022-09-09 20:04:00,1,800054E60,1,800054E60,427.06,US Dollar,427.06,US Dollar,ACH,0,0.0,0.0,20,Friday,4,0,0,0.39679021190620256,326,Low
2022-09-01 00:13:00,1,80837C5E0,1,80837C5E0,263390.36,US Dollar,263390.36,US Dollar,Reinvestment,0,0.0,0.0,0,Thursday,3,0,0,0.3890766878218558,374,Low
2022-09-01 08:27:00,1,8006865B0,1,8006865B0,21.4,US Dollar,21.4,US Dollar,Reinvestment,0,0.0,0.0,8,Thursday,3,0,0,0.3782237745927606,453,Low
2022-09-01 11:47:00,1,8011E0970,1,8011E0970,10.62,US Dollar,10.62,US Dollar,Reinvestment,0,0.0,0.0,11,Thursday,3,0,0,0.38623129536806106,394,Low
2022-09-01 19:52:00,1,8003E3790,1,8003E3790,14729059.18,US Dollar,14729059.18,US Dollar,Reinvestment,0,0.0,0.0,19,Thursday,3,0,0,0.4553777550067918,143,Low
2022-09-01 23:25:00,1,8003A4750,1,80D04B860,5418.97,US Dollar,5418.97,US Dollar,Credit Card,0,0.0,0.0,23,Thursday,3,0,0,0.41227350660673434,236,Low
2022-09-05 01:13:00,1,8001093C0,1,8003A3E20,913.26,US Dollar,913.26,US Dollar,Cheque,0,0.0,0.0,1,Monday,0,0,0,0.41274354082965486,235,Low
2022-09-05 10:08:00,1,8000555D0,1,8000555D0,7272.56,US Dollar,7272.56,US Dollar,Cheque,0,0.0,0.0,10,Monday,0,0,0,0.41055632612554716,242,Low
2022-09-07 09:53:00,1,8002183B0,1,8002B62D0,52.12,US Dollar,52.12,US Dollar,Credit Card,0,0.0,0.0,9,Wednesday,2,0,0,0.40467600474443083,274,Low
2022-09-07 17:04:00,1,80005DD40,1,80005DD40,5353.0,US Dollar,5353.0,US Dollar,Cheque,0,0.0,0.0,17,Wednesday,2,0,0,0.39479449686462603,337,Low
2022-09-08 06:32:00,1,8006FCF80,1,800F9FDF0,1436.48,US Dollar,1436.48,US Dollar,ACH,0,0.0,0.0,6,Thursday,3,0,0,0.3846649683894125,410,Low
2022-09-08 19:16:00,1,80005C0A0,1,80005C0A0,23047.85,US Dollar,23047.85,US Dollar,Credit Card,0,0.0,0.0,19,Thursday,3,0,0,0.4016569052167514,292,Low
2022-09-01 00:09:00,1,800C45060,1,800C45060,17.3,US Dollar,17.3,US Dollar,Reinvestment,0,0.0,0.0,0,Thursday,3,0,0,0.37540128186583555,481,Low
2022-09-01 19:33:00,1,803CECD70,1,803CECD70,11.86,US Dollar,11.86,US Dollar,Reinvestment,0,0.0,0.0,19,Thursday,3,0,0,0.3977155459652931,313,Low
2022-09-03 09:44:00,1,800128AC0,1,8001E2110,51.05,US Dollar,51.05,US Dollar,Cheque,0,0.0,0.0,9,Saturday,5,0,0,0.41414489686067946,230,Low
2022-09-07 23:59:00,1,802FAFA20,1,802FAFA20,254.57,Euro,298.3,US Dollar,ACH,0,-43.73000000000002,43.73000000000002,23,Wednesday,2,0,1,0.4547878572681771,146,Low
2022-09-01 00:07:00,1,800413CD0,1,800413CD0,5.04,US Dollar,5.04,US Dollar,Reinvestment,0,0.0,0.0,0,Thursday,3,0,0,0.3994485272338517,306,Low
2022-09-01 00:29:00,1,80316E630,1,80316E630,14.6,US Dollar,14.6,US Dollar,Reinvestment,0,0.0,0.0,0,Thursday,3,0,0,0.37631655718555757,469,Low
2022-09-01 02:55:00,1,800054E60,1,800054E60,944.14,US Dollar,944.14,US Dollar,Cheque,0,0.0,0.0,2,Thursday,3,0,0,0.38782617013348897,382,Low
2022-09-01 12:12:00,1,8009BDAE0,1,8009BDAE0,298206.09,Rupee,4060.32,US Dollar,ACH,0,294145.77,294145.77,12,Thursday,3,0,1,0.5170763259820017,44,Medium
2022-09-02 00:35:00,1,80140FA20,1,80140FA20,69712995.7,Yen,661413.62,US Dollar,ACH,0,69051582.08,69051582.08,0,Friday,4,0,1,0.5574898951503213,20,High
2022-09-02 07:25:00,1,80019F690,1,8006E1450,26171.03,US Dollar,26171.03,US Dollar,Cash,0,0.0,0.0,7,Friday,4,0,0,0.4393875381810761,183,Low
2022-09-04 01:52:00,1,800059C00,1,800059C00,1877.51,US Dollar,1877.51,US Dollar,Credit Card,0,0.0,0.0,1,Sunday,6,0,0,0.43072771716463254,200,Low
2022-09-06 20:22:00,1,800147880,1,8001C8340,590.31,US Dollar,590.31,US Dollar,Cheque,0,0.0,0.0,20,Tuesday,1,0,0,0.4079885502056817,259,Low
2022-09-07 20:51:00,1,80011C0A0,1,800162F90,12390.19,US Dollar,12390.19,US Dollar,Credit Card,0,0.0,0.0,20,Wednesday,2,0,0,0.4099225108178507,246,Low
2022-09-01 00:12:00,1,800710BC0,1,800710BC0,11559.6,US Dollar,11559.6,US Dollar,Reinvestment,0,0.0,0.0,0,Thursday,3,0,0,0.374799367899587,490,Low
2022-09-01 18:39:00,1,80070DB90,1,80070DB90,266785.98,US Dollar,266785.98,US Dollar,Reinvestment,0,0.0,0.0,18,Thursday,3,0,0,0.40732456760326663,262,Low
2022-09-02 03:49:00,1,800698740,1,800698740,801.41,Euro,939.08,US Dollar,ACH,0,-137.67000000000007,137.67000000000007,3,Friday,4,0,1,0.4404347786485881,181,Low
2022-09-05 17:09:00,1,800057020,1,800057020,3687.07,US Dollar,3687.07,US Dollar,Credit Card,0,0.0,0.0,17,Monday,0,0,0,0.4179952707297276,219,Low
2022-09-05 18:26:00,1,80054A860,1,800549940,3419.88,US Dollar,3419.88,US Dollar,ACH,0,0.0,0.0,18,Monday,0,0,0,0.4158658103674051,225,Low
2022-09-06 17:48:00,1,80094DCD0,1,80094DCD0,6205.86,Euro,7271.93,US Dollar,ACH,0,-1066.0700000000006,1066.0700000000006,17,Tuesday,1,0,1,0.46106848335228373,136,Low
2022-09-07 00:22:00,1,8000EDEC0,1,8001A4F40,890.42,US Dollar,890.42,US Dollar,Credit Card,0,0.0,0.0,0,Wednesday,2,0,0,0.4072473976603162,263,Low
2022-09-08 10:08:00,1,8001409E0,1,8001D49A0,21655.62,US Dollar,21655.62,US Dollar,Credit Card,0,0.0,0.0,10,Thursday,3,0,0,0.39460118483260687,340,Low
2022-09-01 00:12:00,1,800B439C0,1,800B439C0,1768409.13,US Dollar,1768409.13,US Dollar,Reinvestment,0,0.0,0.0,0,Thursday,3,0,0,0.4077108554630513,261,Low
2022-09-01 03:37:00,1,8034C01E0,1,8034C01E0,6.42,US Dollar,6.42,US Dollar,Reinvestment,0,0.0,0.0,3,Thursday,3,0,0,0.39359628937096014,346,Low
2022-09-01 21:29:00,1,808E8B250,1,808E8B250,3966.25,US Dollar,3966.25,US Dollar,Reinvestment,0,0.0,0.0,21,Thursday,3,0,0,0.39717028015325345,322,Low
2022-09-01 22:46:00,1,802E3B390,1,802E3B390,35755.95,US Dollar,35755.95,US Dollar,Reinvestment,0,0.0,0.0,22,Thursday,3,0,0,0.40125313632014953,298,Low
2022-09-02 19:17:00,1,80005C0A0,1,80005C0A0,3291.91,US Dollar,3291.91,US Dollar,Cash,0,0.0,0.0,19,Friday,4,0,0,0.43783236623903754,188,Low
2022-09-03 03:55:00,1,800058B80,1,800058B80,51.24,Euro,60.04,US Dollar,ACH,0,-8.799999999999997,8.799999999999997,3,Saturday,5,0,1,0.46927965458522897,125,Low
2022-09-03 08:44:00,1,8002CAF30,1,8003CEDD0,666.74,US Dollar,666.74,US Dollar,Cheque,0,0.0,0.0,8,Saturday,5,0,0,0.39010792500043523,370,Low
2022-09-03 12:22:00,1,800118830,1,8001514E0,89.25,US Dollar,89.25,US Dollar,Credit Card,0,0.0,0.0,12,Saturday,5,0,0,0.4079094320734368,260,Low
2022-09-01 00:22:00,1,80015E3C0,1,80015E3C0,13.67,US Dollar,13.67,US Dollar,Reinvestment,0,0.0,0.0,0,Thursday,3,0,0,0.37686758796495545,465,Low
2022-09-01 06:38:00,1,8024D16B0,1,8024D16B0,739.93,US Dollar,739.93,US Dollar,Reinvestment,0,0.0,0.0,6,Thursday,3,0,0,0.38003252211371263,438,Low
2022-09-01 08:37:00,1,8073E6B90,1,8073E6B90,2800.58,US Dollar,2800.58,US Dollar,Reinvestment,0,0.0,0.0,8,Thursday,3,0,0,0.37615624602470366,472,Low
2022-09-01 20:54:00,1,8006FCF80,1,800F9FDF0,1348.87,US Dollar,1348.87,US Dollar,Credit Card,0,0.0,0.0,20,Thursday,3,0,0,0.39397025907642874,342,Low
2022-09-05 10:36:00,1,8008C8810,1,80283DFF0,1318.16,US Dollar,1318.16,US Dollar,Cheque,0,0.0,0.0,10,Monday,0,0,0,0.4014946092539808,295,Low
2022-09-08 19:24:00,1,8003D23C0,1,800779280,12.27,US Dollar,12.27,US Dollar,Wire,0,0.0,0.0,19,Thursday,3,0,0,0.4545517784813814,148,Low
2022-09-09 01:42:00,1,8019C1330,1,8081EC7D0,9523636.63,US Dollar,9523636.63,US Dollar,Cash,0,0.0,0.0,1,Friday,4,0,0,0.4897429284001956,80,Low
2022-09-09 10:02:00,1,80068A850,1,80068A850,619.89,Euro,726.37,US Dollar,ACH,0,-106.48000000000002,106.48000000000002,10,Friday,4,0,1,0.43468430830533816,196,Low
2022-09-09 18:17:00,1,80005C0A0,1,8002552F0,23.82,US Dollar,23.82,US Dollar,Cash,0,0.0,0.0,18,Friday,4,0,0,0.45104994352105987,154,Low
2022-09-10 08:01:00,1,800645240,1,8013733E0,8177.11,US Dollar,8177.11,US Dollar,Credit Card,0,0.0,0.0,8,Saturday,5,0,0,0.40980581883375056,247,Low
2022-09-01 00:19:00,1,8053FA9E0,1,8053FA9E0,23.14,US Dollar,23.14,US Dollar,Reinvestment,0,0.0,0.0,0,Thursday,3,0,0,0.3782693204647967,452,Low
2022-09-01 00:06:00,1,80DC16FC0,1,80DC16FC0,77198.23,US Dollar,77198.23,US Dollar,Reinvestment,0,0.0,0.0,0,Thursday,3,0,0,0.3778687203338884,458,Low
2022-09-01 12:30:00,1,8001093C0,1,80067AF80,465.4,US Dollar,465.4,US Dollar,Credit Card,0,0.0,0.0,12,Thursday,3,0,0,0.3818283859483216,423,Low
2022-09-01 18:56:00,1,800059C00,1,800059C00,1877.51,US Dollar,1877.51,US Dollar,Credit Card,0,0.0,0.0,18,Thursday,3,0,0,0.3906155987218888,362,Low
2022-09-01 19:33:00,1,801B5DD70,1,801B5DD70,7130.68,US Dollar,7130.68,US Dollar,Reinvestment,0,0.0,0.0,19,Thursday,3,0,0,0.38659564430550947,388,Low
2022-09-04 02:41:00,1,8002CAF30,1,8003CEDD0,666.74,US Dollar,666.74,US Dollar,Cheque,0,0.0,0.0,2,Sunday,6,0,0,0.4194006722983905,215,Low
2022-09-06 22:25:00,1,800057020,1,800057020,49.2,Euro,57.65,US Dollar,ACH,0,-8.449999999999996,8.449999999999996,22,Tuesday,1,0,1,0.4750786296865081,110,Low
2022-09-07 22:22:00,1,80005C0A0,1,80005C0A0,1101.42,US Dollar,1101.42,US Dollar,ACH,0,0.0,0.0,22,Wednesday,2,0,0,0.4021429383935054,288,Low
2022-09-08 10:09:00,1,8001409E0,1,8001D49A0,8259.53,US Dollar,8259.53,US Dollar,Cheque,0,0.0,0.0,10,Thursday,3,0,0,0.38956636326586536,372,Low
2022-09-08 13:22:00,1,8019C1330,1,8081EC7D0,22093809.14,US Dollar,22093809.14,US Dollar,Wire,0,0.0,0.0,13,Thursday,3,0,0,0.4883029151363819,83,Low
2022-09-10 08:30:00,1,80010DEA0,1,8003A50D0,556.14,US Dollar,556.14,US Dollar,Cheque,0,0.0,0.0,8,Saturday,5,0,0,0.39093817243426315,361,Low
2022-09-10 14:58:00,1,8002183B0,1,8002B62D0,358.14,US Dollar,358.14,US Dollar,Cheque,0,0.0,0.0,14,Saturday,5,0,0,0.3976908509709695,314,Low
2022-09-01 00:13:00,1,800482930,1,800852CC0,2952.16,US Dollar,2952.16,US Dollar,Credit Card,0,0.0,0.0,0,Thursday,3,0,0,0.40290352281175423,283,Low
2022-09-01 00:09:00,1,803C21A60,1,803C21A60,323026.26,US Dollar,323026.26,US Dollar,Reinvestment,0,0.0,0.0,0,Thursday,3,0,0,0.3903816745971343,364,Low
2022-09-01 00:14:00,1,8072CC4B0,1,8072CC4B0,5.13,US Dollar,5.13,US Dollar,Reinvestment,0,0.0,0.0,0,Thursday,3,0,0,0.3988071717499241,311,Low
2022-09-01 01:47:00,1,8001D1F20,1,8001D1F20,2367.37,Euro,2774.05,US Dollar,ACH,0,-406.6800000000003,406.6800000000003,1,Thursday,3,0,1,0.4479174762249483,166,Low
2022-09-01 03:56:00,1,8001DD990,1,8001DD990,3.66,US Dollar,3.66,US Dollar,Reinvestment,0,0.0,0.0,3,Thursday,3,0,0,0.40967711657280154,249,Low
2022-09-01 06:20:00,1,800115570,1,800115570,138.35,Euro,162.12,US Dollar,ACH,0,-23.77000000000001,23.77000000000001,6,Thursday,3,0,1,0.4426480279889931,178,Low
2022-09-01 10:05:00,1,8005D92A0,1,800791830,59.42,US Dollar,59.42,US Dollar,Cheque,0,0.0,0.0,10,Thursday,3,0,0,0.40002003905635414,303,Low
2022-09-01 12:02:00,1,8009BDAE0,1,8009BDAE0,1611497.78,Rupee,21941.86,US Dollar,ACH,0,1589555.92,1589555.92,12,Thursday,3,0,1,0.5203263386916048,40,Medium
2022-09-01 13:33:00,1,803A69470,1,803A69470,10286.85,US Dollar,10286.85,US Dollar,Reinvestment,0,0.0,0.0,13,Thursday,3,0,0,0.3802415760117103,437,Low
2022-09-01 22:49:00,1,80018A0B0,1,80018A0B0,26462.88,US Dollar,26462.88,US Dollar,Reinvestment,0,0.0,0.0,22,Thursday,3,0,0,0.3993643757426761,308,Low
2022-09-09 08:16:00,1,800221980,1,800221980,5097.04,Euro,5972.62,US Dollar,ACH,0,-875.5799999999999,875.5799999999999,8,Friday,4,0,1,0.44099814897266576,180,Low
2022-09-01 00:13:00,1,8003FBD00,1,8003FBD00,4698449.23,US Dollar,4698449.23,US Dollar,Reinvestment,0,0.0,0.0,0,Thursday,3,0,0,0.4252130942312099,207,Low
2022-09-01 10:23:00,1,8003080E0,1,800580F30,5.13,US Dollar,5.13,US Dollar,Cash,0,0.0,0.0,10,Thursday,3,0,0,0.4528741425076164,153,Low
2022-09-02 15:37:00,1,800B42090,1,800B42090,49.3,Swiss Franc,53.88,US Dollar,ACH,0,-4.580000000000005,4.580000000000005,15,Friday,4,0,1,0.5160495673167421,46,Medium
2022-09-05 04:07:00,1,800B0E670,1,800B0E670,1833519158.0,Yen,17395817.44,US Dollar,ACH,0,1816123340.56,1816123340.56,4,Monday,0,0,1,0.5852600841460338,14,High
2022-09-09 17:16:00,1,8005D92A0,1,80060EE60,130.31,US Dollar,130.31,US Dollar,Credit Card,0,0.0,0.0,17,Friday,4,0,0,0.3969484337072277,324,Low
2022-09-01 00:05:00,1,800697D50,1,800697D50,3.38,US Dollar,3.38,US Dollar,Reinvestment,0,0.0,0.0,0,Thursday,3,0,0,0.4142537636373706,228,Low
2022-09-01 00:28:00,1,800CEAC00,1,800CEAC00,12.08,US Dollar,12.08,US Dollar,Reinvestment,0,0.0,0.0,0,Thursday,3,0,0,0.3799253326866037,440,Low
2022-09-01 01:14:00,1,80C33ACD0,1,80C33ACD0,702272.87,US Dollar,702272.87,US Dollar,Reinvestment,0,0.0,0.0,1,Thursday,3,0,0,0.40056077918564986,301,Low
2022-09-01 11:41:00,1,800057020,1,800057020,11.59,US Dollar,11.59,US Dollar,Reinvestment,0,0.0,0.0,11,Thursday,3,0,0,0.3853120626281693,402,Low
2022-09-02 15:32:00,1,800B42090,1,800B42090,154.95,Swiss Franc,169.34,US Dollar,ACH,0,-14.390000000000015,14.390000000000015,15,Friday,4,0,1,0.5091962605499029,53,Low
2022-09-07 05:23:00,1,80671B700,1,80A8CF3F0,1152.26,US Dollar,1152.26,US Dollar,Credit Card,0,0.0,0.0,5,Wednesday,2,0,0,0.39314643552891765,349,Low
2022-09-10 08:43:00,1,80010DEA0,1,8003A50D0,128.91,US Dollar,128.91,US Dollar,Credit Card,0,0.0,0.0,8,Saturday,5,0,0,0.4030009866943904,282,Low
2022-09-10 22:54:00,1,8010B63F0,1,801F328B0,534.36,US Dollar,534.36,US Dollar,Cheque,0,0.0,0.0,22,Saturday,5,0,0,0.4129771087274482,234,Low
2022-09-01 01:00:00,1,806C2D330,1,806C2D330,9128017.04,US Dollar,9128017.04,US Dollar,Reinvestment,0,0.0,0.0,1,Thursday,3,0,0,0.43688524754372504,192,Low
2022-09-01 11:42:00,1,813A43F00,1,813A43F00,27301.83,US Dollar,27301.83,US Dollar,Reinvestment,0,0.0,0.0,11,Thursday,3,0,0,0.38053582089987226,434,Low
2022-09-04 19:27:00,1,80011C0A0,1,800162F90,17846.87,US Dollar,17846.87,US Dollar,Cheque,0,0.0,0.0,19,Sunday,6,0,0,0.43254820743257094,198,Low
2022-09-04 23:44:00,1,80005B9B0,1,80005B9B0,62.26,Euro,72.96,US Dollar,ACH,0,-10.699999999999996,10.699999999999996,23,Sunday,6,0,1,0.48736285881622476,85,Low
2022-09-10 09:04:00,1,800115CA0,1,800116420,4979.0,US Dollar,4979.0,US Dollar,ACH,1,0.0,0.0,9,Saturday,5,0,0,0.3995058994575443,305,Low
2022-09-01 00:27:00,1,8032CDC60,1,8032CDC60,22.79,US Dollar,22.79,US Dollar,Reinvestment,0,0.0,0.0,0,Thursday,3,0,0,0.37805022961921403,455,Low
2022-09-01 05:46:00,1,8006BB300,1,8006BB300,3562.31,US Dollar,3562.31,US Dollar,Reinvestment,0,0.0,0.0,5,Thursday,3,0,0,0.37837250537219064,451,Low
2022-09-01 13:35:00,1,8001CA330,1,8001CA330,872802.87,US Dollar,872802.87,US Dollar,Reinvestment,0,0.0,0.0,13,Thursday,3,0,0,0.40812103243482345,258,Low
2022-09-01 19:39:00,1,800191A90,1,800191A90,8385.12,US Dollar,8385.12,US Dollar,Reinvestment,0,0.0,0.0,19,Thursday,3,0,0,0.38558829816276646,397,Low
2022-09-02 03:39:00,1,8000F7850,1,80010F690,212839.53,US Dollar,212839.53,US Dollar,Cash,0,0.0,0.0,3,Friday,4,0,0,0.4553419565843858,144,Low
2022-09-05 01:30:00,1,8000555D0,1,8001060F0,306.35,US Dollar,306.35,US Dollar,Cheque,0,0.0,0.0,1,Monday,0,0,0,0.41922692662993,216,Low
2022-09-05 14:31:00,1,800057020,1,800057020,49.2,Euro,57.65,US Dollar,ACH,0,-8.449999999999996,8.449999999999996,14,Monday,0,0,1,0.47252105902010133,114,Low
2022-09-05 23:23:00,1,800058B80,1,80024FF00,74.3,US Dollar,74.3,US Dollar,Credit Card,0,0.0,0.0,23,Monday,0,0,0,0.4462376440828113,169,Low
2022-09-09 08:11:00,1,8008D8C30,1,8008D8C30,1745.44,US Dollar,1745.44,US Dollar,Cheque,0,0.0,0.0,8,Friday,4,0,0,0.3817545142711464,426,Low
2022-09-01 00:17:00,1,8065540E0,1,8065540E0,1474885.59,US Dollar,1474885.59,US Dollar,Reinvestment,0,0.0,0.0,0,Thursday,3,0,0,0.40641193676945314,266,Low
2022-09-01 08:55:00,1,8008C2620,1,8008C2620,2976.22,US Dollar,2976.22,US Dollar,Reinvestment,0,0.0,0.0,8,Thursday,3,0,0,0.37613273823807947,473,Low
2022-09-01 10:52:00,1,801D6F180,1,801D6F180,59217.4,US Dollar,59217.4,US Dollar,Reinvestment,0,0.0,0.0,10,Thursday,3,0,0,0.3863304671725385,392,Low
2022-09-01 12:14:00,1,802479C70,1,802479C70,14.84,US Dollar,14.84,US Dollar,Reinvestment,0,0.0,0.0,12,Thursday,3,0,0,0.38213001508682487,421,Low
2022-09-01 19:22:00,1,80039C940,1,80039C940,17.57,US Dollar,17.57,US Dollar,Reinvestment,0,0.0,0.0,19,Thursday,3,0,0,0.3926335228647833,352,Low
2022-09-03 23:30:00,1,8001F0820,1,8001F0820,56.05,Euro,65.68,US Dollar,ACH,0,-9.63000000000001,9.63000000000001,23,Saturday,5,0,1,0.4693421704969507,124,Low
2022-09-06 18:56:00,1,8001F1730,1,80022F0A0,521.22,US Dollar,521.22,US Dollar,ACH,0,0.0,0.0,18,Tuesday,1,0,0,0.40831829120017443,257,Low
2022-09-09 21:52:00,1,8001C9F20,1,8004818C0,294.41,US Dollar,294.41,US Dollar,Cheque,0,0.0,0.0,21,Friday,4,0,0,0.40318469798451617,281,Low
2022-09-01 00:03:00,1,804AF01E0,1,804AF01E0,255.74,US Dollar,255.74,US Dollar,Reinvestment,0,0.0,0.0,0,Thursday,3,0,0,0.3806880094377847,433,Low
2022-09-01 00:04:00,1,8070B5880,1,8070B5880,11562437.14,US Dollar,11562437.14,US Dollar,Reinvestment,0,0.0,0.0,0,Thursday,3,0,0,0.4371555594226112,190,Low
2022-09-01 09:42:00,1,80010DEA0,1,8003A50D0,128.91,US Dollar,128.91,US Dollar,Credit Card,0,0.0,0.0,9,Thursday,3,0,0,0.38488030720013383,409,Low
2022-09-01 19:22:00,1,808FAEB70,1,808FAEB70,9.78,US Dollar,9.78,US Dollar,Reinvestment,0,0.0,0.0,19,Thursday,3,0,0,0.4015626371975508,293,Low
2022-09-01 21:20:00,1,800645240,1,8013F9DF0,238.45,US Dollar,238.45,US Dollar,Credit Card,0,0.0,0.0,21,Thursday,3,0,0,0.40021947870101016,302,Low
2022-09-02 13:06:00,1,800059C00,1,8000EDBB0,531.79,US Dollar,531.79,US Dollar,Cash,0,0.0,0.0,13,Friday,4,0,0,0.4315705554022358,199,Low
2022-09-06 08:20:00,1,8006DF4C0,1,8006DF4C0,16633.0,Yuan,2483.43,US Dollar,ACH,0,14149.57,14149.57,8,Tuesday,1,0,1,0.5063694101334921,58,Low
2022-09-09 01:53:00,1,8019C1330,1,8081EC7D0,22093809.14,US Dollar,22093809.14,US Dollar,Wire,0,0.0,0.0,1,Friday,4,0,0,0.4975180167732473,66,Low
2022-09-10 03:49:00,1,800042CB0,1,800059440,649.4,US Dollar,649.4,US Dollar,ACH,0,0.0,0.0,3,Saturday,5,0,0,0.40408933214297454,280,Low
2022-09-01 00:11:00,1,801172DB0,1,801172DB0,180356.07,US Dollar,180356.07,US Dollar,Reinvestment,0,0.0,0.0,0,Thursday,3,0,0,0.3849794637159526,407,Low
2022-09-01 11:42:00,1,8000F6B10,1,8000F6B10,8.49,US Dollar,8.49,US Dollar,Reinvestment,0,0.0,0.0,11,Thursday,3,0,0,0.39153143298585763,358,Low
2022-09-01 13:49:00,1,808349D30,1,808349D30,6359.43,US Dollar,6359.43,US Dollar,Reinvestment,0,0.0,0.0,13,Thursday,3,0,0,0.379826455556551,441,Low
2022-09-01 18:19:00,1,8000F8620,1,8000F8620,342.94,Euro,401.85,US Dollar,ACH,0,-58.910000000000025,58.910000000000025,18,Thursday,3,0,1,0.43512333942311543,193,Low
2022-09-01 22:13:00,1,800057A10,1,800057A10,860660.77,US Dollar,860660.77,US Dollar,Cash,0,0.0,0.0,22,Thursday,3,0,0,0.47139810117637915,119,Low
2022-09-04 12:45:00,1,80005C3D0,1,80005C3D0,17619.11,US Dollar,17619.11,US Dollar,Credit Card,0,0.0,0.0,12,Sunday,6,0,0,0.426536481525485,203,Low
2022-09-06 01:29:00,1,800057A10,1,800057A10,14843.31,US Dollar,14843.31,US Dollar,Credit Card,0,0.0,0.0,1,Tuesday,1,0,0,0.42585393774658287,204,Low
2022-09-06 18:21:00,1,8001C5A50,1,8001CA330,3542227.51,US Dollar,3542227.51,US Dollar,Cash,0,0.0,0.0,18,Tuesday,1,0,0,0.49189628027096804,77,Low
2022-09-08 03:33:00,1,800710BC0,1,800710BC0,4933768.99,Yen,46809.95,US Dollar,ACH,0,4886959.04,4886959.04,3,Thursday,3,0,1,0.5253355032689774,34,Medium
2022-09-08 05:13:00,1,80005DD40,1,80005DD40,5353.0,US Dollar,5353.0,US Dollar,Cheque,0,0.0,0.0,5,Thursday,3,0,0,0.3881477545946747,381,Low
2022-09-08 19:47:00,1,8002C1D80,1,802264500,1590.92,US Dollar,1590.92,US Dollar,Cheque,0,0.0,0.0,19,Thursday,3,0,0,0.3896118956796789,371,Low
2022-09-09 16:04:00,1,800DCF170,1,800DCF170,9843.57,Euro,11534.53,US Dollar,ACH,0,-1690.960000000001,1690.960000000001,16,Friday,4,0,1,0.44842332093367154,164,Low
2022-09-10 08:18:00,1,800057020,1,800057020,1677.42,Euro,1965.57,US Dollar,ACH,0,-288.14999999999986,288.14999999999986,8,Saturday,5,0,1,0.44801063842244027,165,Low
2022-09-01 00:28:00,1,800C35570,1,800C35570,970.28,US Dollar,970.28,US Dollar,Reinvestment,0,0.0,0.0,0,Thursday,3,0,0,0.3742081353774692,497,Low
2022-09-01 01:34:00,1,800419710,1,800419710,14001.56,US Dollar,14001.56,US Dollar,Reinvestment,0,0.0,0.0,1,Thursday,3,0,0,0.37800701046672497,456,Low
2022-09-01 02:11:00,1,800EED600,1,800EED600,1602.66,Euro,1877.97,US Dollar,ACH,0,-275.30999999999995,275.30999999999995,2,Thursday,3,0,1,0.44295554966993655,177,Low
2022-09-01 03:10:00,1,806E88A90,1,806E88A90,17075.61,US Dollar,17075.61,US Dollar,Reinvestment,0,0.0,0.0,3,Thursday,3,0,0,0.3787389375940417,448,Low
2022-09-01 06:34:00,1,8002696B0,1,800410530,365.81,US Dollar,365.81,US Dollar,Credit Card,0,0.0,0.0,6,Thursday,3,0,0,0.3839914960466706,414,Low
2022-09-04 05:28:00,1,8008C8810,1,80283DFF0,1318.16,US Dollar,1318.16,US Dollar,Cheque,0,0.0,0.0,5,Sunday,6,0,0,0.4107767135853348,240,Low
2022-09-06 12:18:00,1,800BAB8C0,1,800BAB8C0,626019.91,Euro,733559.77,US Dollar,ACH,0,-107539.85999999999,107539.85999999999,12,Tuesday,1,0,1,0.5029020881299076,62,Low
2022-09-07 13:55:00,1,80010DEA0,1,8003A50D0,128.91,US Dollar,128.91,US Dollar,Credit Card,0,0.0,0.0,13,Wednesday,2,0,0,0.39463695537196386,339,Low
2022-09-09 23:17:00,1,8006DE410,1,8011A6E80,16943.04,US Dollar,16943.04,US Dollar,ACH,0,0.0,0.0,23,Friday,4,0,0,0.40859563750263456,254,Low
2022-09-10 06:13:00,1,800196090,1,800324420,139.54,US Dollar,139.54,US Dollar,Cheque,0,0.0,0.0,6,Saturday,5,0,0,0.40436322946033537,277,Low
2022-09-01 00:17:00,1,8003F5660,1,8003F5660,16.92,US Dollar,16.92,US Dollar,Reinvestment,0,0.0,0.0,0,Thursday,3,0,0,0.37499600258984556,487,Low
2022-09-01 00:21:00,1,80067FAB0,1,80067FAB0,15.06,US Dollar,15.06,US Dollar,Reinvestment,0,0.0,0.0,0,Thursday,3,0,0,0.37554837727527074,478,Low
2022-09-01 15:16:00,1,800456E50,1,800456E50,1263.24,US Dollar,1263.24,US Dollar,Reinvestment,0,0.0,0.0,15,Thursday,3,0,0,0.3813317337244478,429,Low
2022-09-02 01:29:00,1,8001715F0,1,8001AADD0,143.48,US Dollar,143.48,US Dollar,Credit Card,0,0.0,0.0,1,Friday,4,0,0,0.4057547959677216,271,Low
2022-09-02 15:00:00,1,8001965B0,1,80024FF00,8480.13,US Dollar,8480.13,US Dollar,Cheque,0,0.0,0.0,15,Friday,4,0,0,0.3946431018465759,338,Low
2022-09-03 03:44:00,1,800627370,1,800723180,13.07,US Dollar,13.07,US Dollar,Wire,0,0.0,0.0,3,Saturday,5,0,0,0.4646396352396292,128,Low
2022-09-04 10:52:00,1,800042CB0,1,800059440,649.4,US Dollar,649.4,US Dollar,ACH,0,0.0,0.0,10,Sunday,6,0,0,0.4162120319947047,223,Low
2022-09-05 08:05:00,1,800320950,1,801FE9E50,248.59,US Dollar,248.59,US Dollar,Credit Card,0,0.0,0.0,8,Monday,0,0,0,0.41210280324741083,237,Low
2022-09-05 08:35:00,1,800057020,1,800057020,2296.44,Euro,2690.93,US Dollar,ACH,0,-394.4899999999998,394.4899999999998,8,Monday,0,0,1,0.4640223504523208,131,Low
2022-09-09 02:49:00,1,800148D00,1,8001C6920,885.4,US Dollar,885.4,US Dollar,Credit Card,0,0.0,0.0,2,Friday,4,0,0,0.3962192032949393,330,Low
2022-09-01 00:11:00,1,80082F350,1,80082F350,17825.89,Euro,20888.08,US Dollar,ACH,0,-3062.1900000000023,3062.1900000000023,0,Thursday,3,0,1,0.46982908004731916,122,Low
2022-09-01 03:41:00,1,805B20B00,1,805B20B00,11.66,US Dollar,11.66,US Dollar,Reinvestment,0,0.0,0.0,3,Thursday,3,0,0,0.382584501112323,420,Low
2022-09-02 05:18:00,1,8023438C0,1,8023438C0,741230.51,Ruble,9526.89,US Dollar,ACH,0,731703.62,731703.62,5,Friday,4,0,1,0.5126855720831097,49,Medium
2022-09-02 15:58:00,1,800059440,1,800379860,156.25,US Dollar,156.25,US Dollar,ACH,0,0.0,0.0,15,Friday,4,0,0,0.39058644436593926,363,Low
2022-09-03 08:07:00,1,8023438C0,1,8023438C0,1673041.14,Ruble,21503.28,US Dollar,ACH,0,1651537.8599999999,1651537.8599999999,8,Saturday,5,0,1,0.5182553966122512,43,Medium
2022-09-03 11:13:00,1,8001A2CD0,1,8005D3090,1.14,US Dollar,1.14,US Dollar,Cash,0,0.0,0.0,11,Saturday,5,0,0,0.48515378935920983,92,Low
2022-09-06 03:35:00,1,8008C8810,1,80283DFF0,1318.16,US Dollar,1318.16,US Dollar,Cheque,0,0.0,0.0,3,Tuesday,1,0,0,0.3970603656431546,323,Low
2022-09-10 14:55:00,1,800059C00,1,800059C00,1350.89,US Dollar,1350.89,US Dollar,Cheque,0,0.0,0.0,14,Saturday,5,0,0,0.3931393675363881,350,Low
2022-09-01 06:17:00,1,802FCCE10,1,802FCCE10,3.16,US Dollar,3.16,US Dollar,Reinvestment,0,0.0,0.0,6,Thursday,3,0,0,0.4151323979866408,226,Low
2022-09-01 18:24:00,1,805CDADE0,1,805CDADE0,13.81,US Dollar,13.81,US Dollar,Reinvestment,0,0.0,0.0,18,Thursday,3,0,0,0.3960713473832952,331,Low
2022-09-01 20:16:00,1,80011AA30,1,8001BA930,5484.03,US Dollar,5484.03,US Dollar,Cheque,0,0.0,0.0,20,Thursday,3,0,0,0.3973376551414296,317,Low
2022-09-07 11:11:00,1,80018BA80,1,80058FDB0,3536.38,US Dollar,3536.38,US Dollar,ACH,0,0.0,0.0,11,Wednesday,2,0,0,0.39116176168520367,360,Low
2022-09-09 05:54:00,1,8001A4C70,1,8003080E0,4896.27,US Dollar,4896.27,US Dollar,Cheque,0,0.0,0.0,5,Friday,4,0,0,0.3902954937289373,366,Low
2022-09-01 00:09:00,1,8010AA4F0,1,8010AA4F0,213.61,US Dollar,213.61,US Dollar,Reinvestment,0,0.0,0.0,0,Thursday,3,0,0,0.381138218193577,431,Low
2022-09-01 00:25:00,1,801B5CC40,1,801B5CC40,11.73,US Dollar,11.73,US Dollar,Reinvestment,0,0.0,0.0,0,Thursday,3,0,0,0.3803075719511139,435,Low
2022-09-01 00:19:00,1,80C272FB0,1,80C272FB0,1990.62,US Dollar,1990.62,US Dollar,Reinvestment,0,0.0,0.0,0,Thursday,3,0,0,0.3743317736381176,493,Low
2022-09-01 04:04:00,1,80016F320,1,80016F320,295923.45,US Dollar,295923.45,US Dollar,Reinvestment,0,0.0,0.0,4,Thursday,3,0,0,0.397258241515236,320,Low
2022-09-01 18:59:00,1,80EEB19C0,1,80EEB19C0,803546.08,US Dollar,803546.08,US Dollar,Reinvestment,0,0.0,0.0,18,Thursday,3,0,0,0.41508066289031725,227,Low
2022-09-05 06:34:00,1,800C1CAB0,1,800D0FD30,236.33,US Dollar,236.33,US Dollar,Cheque,0,0.0,0.0,6,Monday,0,0,0,0.40939932754954755,250,Low
2022-09-06 15:55:00,1,80005C0A0,1,80005C0A0,67690.45,US Dollar,67690.45,US Dollar,Cheque,0,0.0,0.0,15,Tuesday,1,0,0,0.422148299491111,210,Low
2022-09-07 02:32:00,1,80005C790,1,80005C790,30.42,US Dollar,30.42,US Dollar,Cheque,0,0.0,0.0,2,Wednesday,2,0,0,0.42057031213947055,213,Low
2022-09-08 14:15:00,1,800057A10,1,800057A10,14843.31,US Dollar,14843.31,US Dollar,Credit Card,0,0.0,0.0,14,Thursday,3,0,0,0.39359109858729663,347,Low
2022-09-01 00:05:00,1,8003A50D0,1,8003A50D0,662.77,US Dollar,662.77,US Dollar,Reinvestment,0,0.0,0.0,0,Thursday,3,0,0,0.3764565814597345,468,Low
2022-09-01 00:08:00,1,800E62F70,1,800E62F70,17.05,US Dollar,17.05,US Dollar,Reinvestment,0,0.0,0.0,0,Thursday,3,0,0,0.3750876434677326,486,Low
2022-09-01 08:03:00,1,8027D3A50,1,8027D3A50,4896.4,US Dollar,4896.4,US Dollar,Reinvestment,0,0.0,0.0,8,Thursday,3,0,0,0.37590598245966617,476,Low
2022-09-01 15:11:00,1,8008C8810,1,80283DFF0,826.99,US Dollar,826.99,US Dollar,Credit Card,0,0.0,0.0,15,Thursday,3,0,0,0.38544432606549006,400,Low
2022-09-01 20:39:00,1,801AD8570,1,801AD8570,507070.04,US Dollar,507070.04,US Dollar,Reinvestment,0,0.0,0.0,20,Thursday,3,0,0,0.41411336384819303,231,Low
2022-09-02 01:22:00,1,8058BA820,1,8058BA820,681.51,Euro,798.59,US Dollar,ACH,0,-117.08000000000004,117.08000000000004,1,Friday,4,0,1,0.44697081371312697,168,Low
2022-09-02 11:44:00,1,8000EE0F0,1,80025A9E0,230143.67,US Dollar,230143.67,US Dollar,ACH,0,0.0,0.0,11,Friday,4,0,0,0.40497033365351987,272,Low
2022-09-03 13:39:00,1,80011E2A0,1,8021D9B20,87.78,US Dollar,87.78,US Dollar,Wire,0,0.0,0.0,13,Saturday,5,0,0,0.45077252656520617,155,Low
2022-09-05 00:51:00,1,800058B80,1,800058B80,798544.74,US Dollar,798544.74,US Dollar,Cheque,0,0.0,0.0,0,Monday,0,0,0,0.465733545129784,127,Low
2022-09-01 00:22:00,1,80A022760,1,80A022760,412648.82,US Dollar,412648.82,US Dollar,Reinvestment,0,0.0,0.0,0,Thursday,3,0,0,0.3920294415429593,355,Low
2022-09-05 10:58:00,1,800059C00,1,800059C00,1350.89,US Dollar,1350.89,US Dollar,Cheque,0,0.0,0.0,10,Monday,0,0,0,0.40150341423230784,294,Low
2022-09-07 06:32:00,1,800058B80,1,8019D82F0,2579383.24,US Dollar,2579383.24,US Dollar,Cheque,0,0.0,0.0,6,Wednesday,2,0,0,0.4486576764608118,160,Low
2022-09-10 07:06:00,1,8001111F0,1,8001111F0,417.42,Euro,489.13,US Dollar,ACH,0,-71.70999999999998,71.70999999999998,7,Saturday,5,0,1,0.44940780467463526,158,Low
2022-09-01 00:21:00,1,80084E710,1,80084E710,10.02,US Dollar,10.02,US Dollar,Reinvestment,0,0.0,0.0,0,Thursday,3,0,0,0.38344747489435105,416,Low
2022-09-01 02:46:00,1,80A754210,1,80A754210,924.04,US Dollar,924.04,US Dollar,Reinvestment,0,0.0,0.0,2,Thursday,3,0,0,0.3769492682890556,464,Low
2022-09-01 06:22:00,1,803EA6C30,1,803EA6C30,9.1,US Dollar,9.1,US Dollar,Reinvestment,0,0.0,0.0,6,Thursday,3,0,0,0.38824602174517914,380,Low
2022-09-01 15:21:00,1,8011A6E80,1,8011A6E80,14.78,US Dollar,14.78,US Dollar,Reinvestment,0,0.0,0.0,15,Thursday,3,0,0,0.3872536765469188,386,Low
2022-09-01 20:48:00,1,800213070,1,800213070,12761.83,US Dollar,12761.83,US Dollar,Reinvestment,0,0.0,0.0,20,Thursday,3,0,0,0.3921203802400166,353,Low
2022-09-01 21:16:00,1,8002C1D80,1,8002C1D80,28158.74,US Dollar,28158.74,US Dollar,Reinvestment,0,0.0,0.0,21,Thursday,3,0,0,0.39774096898322236,312,Low
2022-09-01 23:46:00,1,8051CA0E0,1,8051CA0E0,157921.07,US Dollar,157921.07,US Dollar,Reinvestment,0,0.0,0.0,23,Thursday,3,0,0,0.42077665268618175,212,Low
2022-09-05 13:34:00,1,8000EEE80,1,8000EEE80,16403.17,Euro,19220.96,US Dollar,ACH,0,-2817.790000000001,2817.790000000001,13,Monday,0,0,1,0.4740174193303774,111,Low
2022-09-07 04:09:00,1,8024DC4A0,1,8024DC4A0,458.65,Euro,537.44,US Dollar,ACH,0,-78.79000000000008,78.79000000000008,4,Wednesday,2,0,1,0.44577493868881557,170,Low
2022-09-09 16:35:00,1,80005C3D0,1,80005C050,703758.64,US Dollar,703758.64,US Dollar,Cheque,0,0.0,0.0,16,Friday,4,0,0,0.4378975232518283,187,Low
2022-09-01 00:22:00,1,8001093C0,1,8001093C0,29557.26,US Dollar,29557.26,US Dollar,Reinvestment,0,0.0,0.0,0,Thursday,3,0,0,0.3749179600819132,488,Low
2022-09-01 00:26:00,1,807EC5C30,1,807EC5C30,50342.76,US Dollar,50342.76,US Dollar,Reinvestment,0,0.0,0.0,0,Thursday,3,0,0,0.3759432233573939,475,Low
2022-09-01 08:01:00,1,8001409E0,1,8001D49A0,21655.62,US Dollar,21655.62,US Dollar,Credit Card,0,0.0,0.0,8,Thursday,3,0,0,0.3959329276613679,332,Low
2022-09-02 05:21:00,1,80005C790,1,80005C790,218.69,US Dollar,218.69,US Dollar,Cheque,0,0.0,0.0,5,Friday,4,0,0,0.3919539508171188,356,Low
2022-09-03 16:34:00,1,80066ADC0,1,80066ADC0,86001.26,Brazil Real,15230.9,US Dollar,ACH,0,70770.36,70770.36,16,Saturday,5,0,1,0.5114346584396723,50,Medium
2022-09-04 21:50:00,1,801754760,1,801754760,297392721.7,Ruble,3822332.03,US Dollar,ACH,0,293570389.67,293570389.67,21,Sunday,6,0,1,0.5795461471450105,17,High
2022-09-04 22:48:00,1,80170E290,1,80170E290,3150.9,Euro,3692.17,US Dollar,ACH,0,-541.27,541.27,22,Sunday,6,0,1,0.48093980923338525,99,Low
2022-09-05 19:15:00,1,800649FF0,1,802475EF0,809.19,US Dollar,809.19,US Dollar,Cheque,0,0.0,0.0,19,Monday,0,0,0,0.41418186584704425,229,Low
2022-09-08 04:21:00,1,800128AC0,1,8001E2110,190.19,US Dollar,190.19,US Dollar,Credit Card,0,0.0,0.0,4,Thursday,3,0,0,0.389416463949896,373,Low
2022-09-01 00:02:00,1,800252D10,1,800345910,5016.26,US Dollar,5016.26,US Dollar,ACH,0,0.0,0.0,0,Thursday,3,0,0,0.397293900066841,319,Low
2022-09-01 18:29:00,1,800058B80,1,800058B80,51.24,Euro,60.04,US Dollar,ACH,0,-8.799999999999997,8.799999999999997,18,Thursday,3,0,1,0.448546237676272,162,Low
2022-09-02 07:41:00,1,800057D40,1,800057D40,1204.17,US Dollar,1204.17,US Dollar,Cheque,0,0.0,0.0,7,Friday,4,0,0,0.3807071440874913,432,Low
2022-09-02 11:51:00,1,8000EE0F0,1,80025A9E0,17987.9,US Dollar,17987.9,US Dollar,Credit Card,0,0.0,0.0,11,Friday,4,0,0,0.3989281174015179,310,Low
2022-09-05 14:57:00,1,800057020,1,800057020,6.23,Euro,7.3,US Dollar,ACH,0,-1.0699999999999994,1.0699999999999994,14,Monday,0,0,1,0.4995670825738569,65,Low
2022-09-08 15:26:00,1,80005C3D0,1,8004FD2A0,124.23,US Dollar,124.23,US Dollar,Cash,0,0.0,0.0,15,Thursday,3,0,0,0.4349753258967254,194,Low
2022-09-09 03:41:00,1,80005C3D0,1,8004FD2A0,45.62,US Dollar,45.62,US Dollar,ACH,0,0.0,0.0,3,Friday,4,0,0,0.4019846292332361,289,Low
2022-09-01 00:19:00,1,807025BA0,1,807025BA0,13.49,US Dollar,13.49,US Dollar,Reinvestment,0,0.0,0.0,0,Thursday,3,0,0,0.3775184757547103,460,Low
2022-09-02 05:23:00,1,800056160,1,8011B12F0,1512.62,US Dollar,1512.62,US Dollar,Cash,0,0.0,0.0,5,Friday,4,0,0,0.437061493974316,191,Low
2022-09-02 05:27:00,1,800056160,1,8011B12F0,2171.12,US Dollar,2171.12,US Dollar,ACH,0,0.0,0.0,5,Friday,4,0,0,0.38828635998531147,379,Low
2022-09-02 13:54:00,1,800C1CAB0,1,800D0FD30,27.05,US Dollar,27.05,US Dollar,ACH,0,0.0,0.0,13,Friday,4,0,0,0.4014471394280807,296,Low
2022-09-05 08:22:00,1,80005AB30,1,80026CDF0,227.5,US Dollar,227.5,US Dollar,Cheque,0,0.0,0.0,8,Monday,0,0,0,0.4105441589418616,243,Low
2022-09-07 16:31:00,1,800059440,1,800379860,156.25,US Dollar,156.25,US Dollar,ACH,0,0.0,0.0,16,Wednesday,2,0,0,0.39655349613225477,328,Low
2022-09-01 00:03:00,1,8000F7850,1,8000F7850,8.55,US Dollar,8.55,US Dollar,Reinvestment,0,0.0,0.0,0,Thursday,3,0,0,0.38745740193107847,385,Low
2022-09-01 00:27:00,1,8003BC2C0,1,8003BC2C0,17.44,US Dollar,17.44,US Dollar,Reinvestment,0,0.0,0.0,0,Thursday,3,0,0,0.3755883221211662,477,Low
2022-09-01 00:08:00,1,8057E3B70,1,8057E3B70,85.04,US Dollar,85.04,US Dollar,Reinvestment,0,0.0,0.0,0,Thursday,3,0,0,0.384928403851907,408,Low
2022-09-01 20:29:00,1,807FBEE40,1,807FBEE40,14.47,US Dollar,14.47,US Dollar,Reinvestment,0,0.0,0.0,20,Thursday,3,0,0,0.40236184663700797,287,Low
2022-09-03 03:52:00,1,800054E60,1,800054E60,427.06,US Dollar,427.06,US Dollar,ACH,0,0.0,0.0,3,Saturday,5,0,0,0.4047541538374201,273,Low
2022-09-03 04:21:00,1,8008C8810,1,80283DFF0,826.99,US Dollar,826.99,US Dollar,Credit Card,0,0.0,0.0,4,Saturday,5,0,0,0.4042870695942751,278,Low
2022-09-06 02:20:00,1,8003114D0,1,800776160,176.49,US Dollar,176.49,US Dollar,Cheque,0,0.0,0.0,2,Tuesday,1,0,0,0.40992647675539046,245,Low
2022-09-06 19:12:00,1,8001E5B00,1,800262700,2721.3,US Dollar,2721.3,US Dollar,Cash,0,0.0,0.0,19,Tuesday,1,0,0,0.4486127395125567,161,Low
2022-09-08 01:17:00,1,8001C5D70,1,8001D1F20,200.23,US Dollar,200.23,US Dollar,Credit Card,0,0.0,0.0,1,Thursday,3,0,0,0.3974188430705035,316,Low
2022-09-09 00:19:00,1,80015D7D0,1,8126EF0B0,33.9,US Dollar,33.9,US Dollar,Credit Card,0,0.0,0.0,0,Friday,4,0,0,0.4251935682879739,208,Low
2022-09-01 00:17:00,1,80419D520,1,80419D520,14.53,US Dollar,14.53,US Dollar,Reinvestment,0,0.0,0.0,0,Thursday,3,0,0,0.37631655718555757,470,Low
2022-09-01 07:53:00,1,80033E1F0,1,803E49B70,1175.42,US Dollar,1175.42,US Dollar,Credit Card,0,0.0,0.0,7,Thursday,3,0,0,0.37996361457840827,439,Low
2022-09-01 17:47:00,1,80021E560,1,80021E560,19372.31,US Dollar,19372.31,US Dollar,Reinvestment,0,0.0,0.0,17,Thursday,3,0,0,0.3864443642310293,391,Low
2022-09-01 19:35:00,1,80BFBB6B0,1,80BFBB6B0,19.93,US Dollar,19.93,US Dollar,Reinvestment,0,0.0,0.0,19,Thursday,3,0,0,0.3938925038113461,344,Low
2022-09-01 22:28:00,1,80D8ADB90,1,80D8ADB90,676.98,US Dollar,676.98,US Dollar,Reinvestment,0,0.0,0.0,22,Thursday,3,0,0,0.40267236543721324,284,Low
2022-09-02 11:23:00,1,8004279F0,1,8012D4CB0,453.1,US Dollar,453.1,US Dollar,Cheque,0,0.0,0.0,11,Friday,4,0,0,0.3859238624369336,396,Low
2022-09-02 13:21:00,1,80369FEB0,1,80369FEB0,21872.58,Euro,25629.93,US Dollar,ACH,0,-3757.3499999999985,3757.3499999999985,13,Friday,4,0,1,0.4530627811643475,152,Low
2022-09-05 14:01:00,1,8000F7850,1,80010F690,8138.79,US Dollar,8138.79,US Dollar,Credit Card,0,0.0,0.0,14,Monday,0,0,0,0.4189672137986667,217,Low
2022-09-09 21:53:00,1,80005AB30,1,80026CDF0,1218.03,US Dollar,1218.03,US Dollar,Credit Card,0,0.0,0.0,21,Friday,4,0,0,0.4013442008316607,297,Low
2022-09-01 08:17:00,1,805421990,1,805421990,81004.43,US Dollar,81004.43,US Dollar,Reinvestment,0,0.0,0.0,8,Thursday,3,0,0,0.38651268158511703,390,Low
2022-09-01 08:47:00,1,807FBEE40,1,80ACBD300,54.64,US Dollar,54.64,US Dollar,Credit Card,0,0.0,0.0,8,Thursday,3,0,0,0.3955943197137769,335,Low
2022-09-05 14:07:00,1,8000F7850,1,80010F690,26768.26,US Dollar,26768.26,US Dollar,Wire,0,0.0,0.0,14,Monday,0,0,0,0.4641348600644798,130,Low
2022-09-06 07:10:00,1,8003D23C0,1,800779280,121.98,US Dollar,121.98,US Dollar,Credit Card,0,0.0,0.0,7,Tuesday,1,0,0,0.4058860185768444,269,Low
2022-09-01 00:29:00,1,8000EEF40,1,8000EEF40,9.09,US Dollar,9.09,US Dollar,Reinvestment,0,0.0,0.0,0,Thursday,3,0,0,0.38498603950686205,406,Low
2022-09-01 07:44:00,1,802E3CCF0,1,802E3CCF0,236.75,US Dollar,236.75,US Dollar,Reinvestment,0,0.0,0.0,7,Thursday,3,0,0,0.38171880378046036,428,Low
2022-09-01 22:15:00,1,801227860,1,801227860,2981124303.0,Ruble,38315823.13,US Dollar,ACH,0,2942808479.87,2942808479.87,22,Thursday,3,0,1,0.5775421226922204,18,High
2022-09-03 09:52:00,1,800128AC0,1,8001E2110,190.19,US Dollar,190.19,US Dollar,Credit Card,0,0.0,0.0,9,Saturday,5,0,0,0.39941736207937717,307,Low
2022-09-05 13:41:00,1,8006BB300,1,800723180,856.16,US Dollar,856.16,US Dollar,Cheque,0,0.0,0.0,13,Monday,0,0,0,0.4041867074714383,279,Low
2022-09-05 19:01:00,1,8000F1870,1,80016F320,4728579.86,US Dollar,4728579.86,US Dollar,Wire,0,0.0,0.0,19,Monday,0,0,0,0.5099909638051069,51,Low
2022-09-10 00:19:00,1,803326CB0,1,803326CB0,3508736.65,Rupee,47774.31,US Dollar,ACH,0,3460962.34,3460962.34,0,Saturday,5,0,1,0.5497413554581281,21,High
2022-09-01 00:24:00,1,8011B0440,1,8011B0440,8.65,US Dollar,8.65,US Dollar,Reinvestment,0,0.0,0.0,0,Thursday,3,0,0,0.3869417463479265,387,Low
2022-09-01 00:11:00,1,8037C0330,1,8037C0330,21.33,US Dollar,21.33,US Dollar,Reinvestment,0,0.0,0.0,0,Thursday,3,0,0,0.37628663008970614,471,Low
2022-09-01 07:09:00,1,8000F49E0,1,8001093C0,1828.92,US Dollar,1828.92,US Dollar,Credit Card,0,0.0,0.0,7,Thursday,3,0,0,0.3844522394416042,411,Low
2022-09-01 09:38:00,1,80010DEA0,1,8003A50D0,138.03,US Dollar,138.03,US Dollar,Wire,0,0.0,0.0,9,Thursday,3,0,0,0.4349335212588406,195,Low
2022-09-01 13:34:00,1,800691090,1,800691090,5.96,US Dollar,5.96,US Dollar,Reinvestment,0,0.0,0.0,13,Thursday,3,0,0,0.40193443872248785,290,Low
2022-09-01 14:45:00,1,80025A9E0,1,80025A9E0,925.87,US Dollar,925.87,US Dollar,Reinvestment,0,0.0,0.0,14,Thursday,3,0,0,0.3821067496286283,422,Low
2022-09-01 17:03:00,1,8004A34E0,1,8004A34E0,22.88,US Dollar,22.88,US Dollar,Reinvestment,0,0.0,0.0,17,Thursday,3,0,0,0.3927444244187212,351,Low
2022-09-02 19:30:00,1,800143BF0,1,801A2F890,65.86,US Dollar,65.86,US Dollar,Credit Card,0,0.0,0.0,19,Friday,4,0,0,0.4059796000273653,268,Low
2022-09-04 05:42:00,1,800155BB0,1,800217140,1172.54,US Dollar,1172.54,US Dollar,Credit Card,0,0.0,0.0,5,Sunday,6,0,0,0.41780226726552555,220,Low
2022-09-06 12:08:00,1,8006AF880,1,8006AF880,2146543.72,Ruble,27589.12,US Dollar,ACH,0,2118954.6,2118954.6,12,Tuesday,1,0,1,0.5165264775313441,45,Medium
2022-09-09 01:25:00,1,800F443A0,1,800F443A0,1123.44,Euro,1316.43,US Dollar,ACH,0,-192.99,192.99,1,Friday,4,0,1,0.44435351402826007,172,Low
2022-09-09 21:00:00,1,8000F7850,1,80010F690,512256.69,US Dollar,512256.69,US Dollar,Cheque,0,0.0,0.0,21,Friday,4,0,0,0.4441550095182728,174,Low
2022-09-01 00:26:00,1,800BAB8C0,1,800BAB8C0,1476694.72,US Dollar,1476694.72,US Dollar,Reinvestment,0,0.0,0.0,0,Thursday,3,0,0,0.40641193676945314,267,Low
2022-09-01 00:15:00,1,800FCC3B0,1,800FCC3B0,35985.91,US Dollar,35985.91,US Dollar,Reinvestment,0,0.0,0.0,0,Thursday,3,0,0,0.375192993086135,484,Low
2022-09-01 00:19:00,1,803322A30,1,803322A30,311084.84,US Dollar,311084.84,US Dollar,Reinvestment,0,0.0,0.0,0,Thursday,3,0,0,0.39017474480246844,367,Low
2022-09-01 10:31:00,1,800A514F0,1,800A514F0,41470.75,Euro,48594.74,US Dollar,ACH,0,-7123.989999999998,7123.989999999998,10,Thursday,3,0,1,0.4550950324958922,145,Low
2022-09-01 19:50:00,1,800C28C00,1,800C28C00,7763.52,US Dollar,7763.52,US Dollar,Reinvestment,0,0.0,0.0,19,Thursday,3,0,0,0.3862449172056656,393,Low
2022-09-04 13:27:00,1,8023438C0,1,8023438C0,1673041.14,Ruble,21503.28,US Dollar,ACH,0,1651537.8599999999,1651537.8599999999,13,Sunday,6,0,1,0.5283766120475288,32,Medium
2022-09-05 19:42:00,1,800058B80,1,8019D82F0,27186.66,US Dollar,27186.66,US Dollar,Credit Card,0,0.0,0.0,19,Monday,0,0,0,0.42766075155352945,202,Low
2022-09-01 00:13:00,1,8006C7290,1,8006C7290,8943.98,US Dollar,8943.98,US Dollar,Reinvestment,0,0.0,0.0,0,Thursday,3,0,0,0.37519856517161726,483,Low
2022-09-01 00:26:00,1,80115B400,1,80115B400,105392.84,US Dollar,105392.84,US Dollar,Reinvestment,0,0.0,0.0,0,Thursday,3,0,0,0.3831169729409709,417,Low
2022-09-01 00:29:00,1,80229EE00,1,80229EE00,969246.0,US Dollar,969246.0,US Dollar,Reinvestment,0,0.0,0.0,0,Thursday,3,0,0,0.4009100167395345,299,Low
2022-09-01 04:48:00,1,800805FD0,1,800805FD0,20.14,US Dollar,20.14,US Dollar,Reinvestment,0,0.0,0.0,4,Thursday,3,0,0,0.37938137603934896,445,Low
2022-09-01 06:25:00,1,800F66770,1,800F66770,11.76,US Dollar,11.76,US Dollar,Reinvestment,0,0.0,0.0,6,Thursday,3,0,0,0.38311609262775614,418,Low
2022-09-05 13:26:00,1,8001409E0,1,8001D49A0,21655.62,US Dollar,21655.62,US Dollar,Credit Card,0,0.0,0.0,13,Monday,0,0,0,0.42098985455078625,211,Low
2022-09-09 01:04:00,1,800627370,1,800723180,13.07,US Dollar,13.07,US Dollar,Wire,0,0.0,0.0,1,Friday,4,0,0,0.45830359504856294,139,Low
2022-09-09 08:47:00,1,8001A2CD0,1,8005D3090,1.14,US Dollar,1.14,US Dollar,Cash,0,0.0,0.0,8,Friday,4,0,0,0.4773290782136817,106,Low
2022-09-09 21:27:00,1,80005B9B0,1,80005B9B0,16.85,Euro,19.75,US Dollar,ACH,0,-2.8999999999999986,2.8999999999999986,21,Friday,4,0,1,0.47318473542174966,113,Low
2022-09-01 00:06:00,1,800DD4430,1,800DD4430,22.09,US Dollar,22.09,US Dollar,Reinvestment,0,0.0,0.0,0,Thursday,3,0,0,0.3768361190545398,466,Low
2022-09-01 00:09:00,1,8015D1610,1,8015D1610,2335.29,US Dollar,2335.29,US Dollar,Reinvestment,0,0.0,0.0,0,Thursday,3,0,0,0.3742088129399652,496,Low
2022-09-01 23:29:00,1,8001E5B00,1,8001E5B00,379696.56,US Dollar,379696.56,US Dollar,Reinvestment,0,0.0,0.0,23,Thursday,3,0,0,0.4257989192219141,205,Low
2022-09-02 08:01:00,1,800058B80,1,800058B80,72911.9,US Dollar,72911.9,US Dollar,Cheque,0,0.0,0.0,8,Friday,4,0,0,0.4097701779563153,248,Low
2022-09-03 07:05:00,1,8000F7850,1,80047EED0,571.68,US Dollar,571.68,US Dollar,Cheque,0,0.0,0.0,7,Saturday,5,0,0,0.3903460338747815,365,Low
2022-09-03 23:06:00,1,800B0E670,1,800B0E670,1833519158.0,Yen,17395817.44,US Dollar,ACH,0,1816123340.56,1816123340.56,23,Saturday,5,0,1,0.5821493186284372,15,High
2022-09-04 22:05:00,1,800109820,1,8001E6840,87.16,US Dollar,87.16,US Dollar,Credit Card,0,0.0,0.0,22,Sunday,6,0,0,0.44137297193009,179,Low
2022-09-05 03:50:00,1,8000ECD60,1,8000ECD10,4933.09,US Dollar,4933.09,US Dollar,ACH,0,0.0,0.0,3,Monday,0,0,0,0.41657749540952455,222,Low
2022-09-07 19:11:00,1,80068A850,1,80068A850,409.75,Euro,480.14,US Dollar,ACH,0,-70.38999999999999,70.38999999999999,19,Wednesday,2,0,1,0.443827481003842,175,Low
2022-09-08 00:55:00,1,8001F1730,1,80022F0A0,1171.02,US Dollar,1171.02,US Dollar,Cheque,0,0.0,0.0,0,Thursday,3,0,0,0.3956921290481196,334,Low
2022-09-08 11:37:00,1,8001A4C70,1,8003080E0,8315.64,US Dollar,8315.64,US Dollar,ACH,0,0.0,0.0,11,Thursday,3,0,0,0.386195435345466,395,Low
2022-09-09 00:10:00,1,8004E9930,1,8004E9930,164.97,Brazil Real,29.22,US Dollar,ACH,0,135.75,135.75,0,Friday,4,0,1,0.5184278058029365,42,Medium
2022-09-09 04:43:00,1,8002C3B00,1,8006BB300,206.5,US Dollar,206.5,US Dollar,Cheque,0,0.0,0.0,4,Friday,4,0,0,0.39557330656500794,336,Low
2022-09-01 00:29:00,1,8043C5C00,1,8043C5C00,12.8,US Dollar,12.8,US Dollar,Reinvestment,0,0.0,0.0,0,Thursday,3,0,0,0.3789926027972589,446,Low
2022-09-01 00:14:00,1,80E1F02C0,1,80E1F02C0,5561.65,US Dollar,5561.65,US Dollar,Reinvestment,0,0.0,0.0,0,Thursday,3,0,0,0.37472788998237727,491,Low
2022-09-01 08:00:00,1,80049CEA0,1,80049CEA0,23.76,US Dollar,23.76,US Dollar,Reinvestment,0,0.0,0.0,8,Thursday,3,0,0,0.3796873784174613,443,Low
2022-09-01 19:40:00,1,8000EEE80,1,8000EEE80,141250.92,UK Pound,182447.59,US Dollar,ACH,0,-41196.669999999984,41196.669999999984,19,Thursday,3,0,1,0.5156352716149415,47,Medium
2022-09-06 06:26:00,1,8005D92A0,1,8005D92A0,1268.8,Euro,1486.76,US Dollar,ACH,0,-217.96000000000004,217.96000000000004,6,Tuesday,1,0,1,0.45464594588421775,147,Low
2022-09-07 23:51:00,1,800193DF0,1,800193DF0,113967.0,Euro,133544.65,US Dollar,ACH,0,-19577.649999999994,19577.649999999994,23,Wednesday,2,0,1,0.4896574105592343,81,Low
2022-09-10 17:08:00,1,8001495E0,1,8001495E0,289.0,Euro,338.65,US Dollar,ACH,0,-49.64999999999998,49.64999999999998,17,Saturday,5,0,1,0.4485341186341489,163,Low
2022-09-01 00:29:00,1,800107BD0,1,8001488C0,449.68,US Dollar,449.68,US Dollar,ACH,0,0.0,0.0,0,Thursday,3,0,0,0.39732660000470754,318,Low
2022-09-01 00:25:00,1,801199180,1,801199180,697233.32,US Dollar,697233.32,US Dollar,Reinvestment,0,0.0,0.0,0,Thursday,3,0,0,0.39691850549520596,325,Low
2022-09-01 19:06:00,1,800776160,1,801BD4230,16157.37,US Dollar,16157.37,US Dollar,Credit Card,0,0.0,0.0,19,Thursday,3,0,0,0.39912907235522155,309,Low
2022-09-01 21:21:00,1,800C16B80,1,800C16B80,9.24,US Dollar,9.24,US Dollar,Reinvestment,0,0.0,0.0,21,Thursday,3,0,0,0.4133035331448174,233,Low
2022-09-02 21:53:00,1,8003F6920,1,8003F6920,31364460.27,Euro,36752355.6,US Dollar,ACH,0,-5387895.330000002,5387895.330000002,21,Friday,4,0,1,0.5319793011913146,27,Medium
2022-09-06 19:53:00,1,80011C0A0,1,800162F90,17846.87,US Dollar,17846.87,US Dollar,Cheque,0,0.0,0.0,19,Tuesday,1,0,0,0.41138605356965935,239,Low
2022-09-07 12:34:00,1,8000F49E0,1,804237A50,3410.89,US Dollar,3410.89,US Dollar,Cheque,0,0.0,0.0,12,Wednesday,2,0,0,0.38885337330504455,375,Low
2022-09-09 19:39:00,1,8001BDFF0,1,800E2B950,248.64,US Dollar,248.64,US Dollar,ACH,0,0.0,0.0,19,Friday,4,0,0,0.3933375472519848,348,Low
2022-09-09 22:08:00,1,8001D1F20,1,8001D1F20,299.7,Euro,351.19,US Dollar,ACH,0,-51.49000000000001,51.49000000000001,22,Friday,4,0,1,0.445065492173525,171,Low
2022-09-01 00:16:00,1,8000F7850,1,8001003A0,1544.01,US Dollar,1544.01,US Dollar,Cheque,0,0.0,0.0,0,Thursday,3,0,0,0.3966503034457076,327,Low
2022-09-01 10:17:00,1,8003080E0,1,800580F30,14.83,US Dollar,14.83,US Dollar,Wire,0,0.0,0.0,10,Thursday,3,0,0,0.43902959465445623,185,Low
2022-09-01 16:50:00,1,805E515E0,1,805E515E0,9.91,US Dollar,9.91,US Dollar,Reinvestment,0,0.0,0.0,16,Thursday,3,0,0,0.39719861210199264,321,Low
2022-09-01 19:59:00,1,8003E2FB0,1,8003E2FB0,8483.57,US Dollar,8483.57,US Dollar,Reinvestment,0,0.0,0.0,19,Thursday,3,0,0,0.38552308273695785,399,Low
2022-09-01 21:48:00,1,8016BCC20,1,8016BCC20,17.84,US Dollar,17.84,US Dollar,Reinvestment,0,0.0,0.0,21,Thursday,3,0,0,0.4025482427337661,285,Low
2022-09-05 16:12:00,1,80066ADC0,1,80066ADC0,86001.26,Brazil Real,15230.9,US Dollar,ACH,0,70770.36,70770.36,16,Monday,0,0,1,0.5242041612370182,36,Medium
2022-09-07 09:59:00,1,8002183B0,1,8002B62D0,358.14,US Dollar,358.14,US Dollar,Cheque,0,0.0,0.0,9,Wednesday,2,0,0,0.3884005794588757,378,Low
2022-09-08 00:05:00,1,800058B80,1,8019D82F0,132355.38,US Dollar,132355.38,US Dollar,ACH,0,0.0,0.0,0,Thursday,3,0,0,0.41195477054371665,238,Low
2022-09-09 22:00:00,1,800057620,1,800057620,858.28,US Dollar,858.28,US Dollar,Cheque,0,0.0,0.0,22,Friday,4,0,0,0.40058506257264564,300,Low
2022-09-01 00:02:00,1,8034B0530,1,8034B0530,47.78,US Dollar,47.78,US Dollar,Reinvestment,0,0.0,0.0,0,Thursday,3,0,0,0.382880448426416,419,Low
2022-09-01 00:05:00,1,810E3E0E0,1,810E3E0E0,66116.16,US Dollar,66116.16,US Dollar,Reinvestment,0,0.0,0.0,0,Thursday,3,0,0,0.37742741530362306,461,Low
2022-09-01 05:18:00,1,8019C1330,1,8081EC7D0,17524357.31,US Dollar,17524357.31,US Dollar,ACH,0,0.0,0.0,5,Thursday,3,0,0,0.43723766462546176,189,Low
2022-09-01 15:32:00,1,8066C4730,1,8066C4730,110.81,Euro,129.84,US Dollar,ACH,0,-19.03,19.03,15,Thursday,3,0,1,0.4443244137610745,173,Low
2022-09-03 10:25:00,1,80010DEA0,1,8003A50D0,128.91,US Dollar,128.91,US Dollar,Credit Card,0,0.0,0.0,10,Saturday,5,0,0,0.4024136870466894,286,Low
2022-09-05 00:41:00,1,8003A4750,1,80D04B860,8136.8,US Dollar,8136.8,US Dollar,Cash,0,0.0,0.0,0,Monday,0,0,0,0.47373768388156545,112,Low
2022-09-05 10:27:00,1,80018BA80,1,80058FDB0,3730.82,US Dollar,3730.82,US Dollar,Cheque,0,0.0,0.0,10,Monday,0,0,0,0.4058730547177228,270,Low
2022-09-07 16:49:00,1,8006BB300,1,800723180,856.16,US Dollar,856.16,US Dollar,Cheque,0,0.0,0.0,16,Wednesday,2,0,0,0.39015588976520443,368,Low
2022-09-09 10:38:00,1,800419710,1,800C4C080,2468.6,US Dollar,2468.6,US Dollar,Cheque,0,0.0,0.0,10,Friday,4,0,0,0.3838913330806995,415,Low
2022-09-01 00:02:00,1,80038AE40,1,80038AE40,18.93,US Dollar,18.93,US Dollar,Reinvestment,0,0.0,0.0,0,Thursday,3,0,0,0.3752407431942615,482,Low
2022-09-01 00:28:00,1,800581730,1,800581730,3.25,US Dollar,3.25,US Dollar,Reinvestment,0,0.0,0.0,0,Thursday,3,0,0,0.4159661320789322,224,Low
2022-09-01 00:15:00,1,800583590,1,800583590,32578.63,US Dollar,32578.63,US Dollar,Reinvestment,0,0.0,0.0,0,Thursday,3,0,0,0.3751815299302638,485,Low
2022-09-01 00:02:00,1,80293CEE0,1,80293CEE0,23.44,US Dollar,23.44,US Dollar,Reinvestment,0,0.0,0.0,0,Thursday,3,0,0,0.37845182186569637,450,Low
2022-09-01 11:55:00,1,800116420,1,80011AA30,295.27,US Dollar,295.27,US Dollar,Credit Card,0,0.0,0.0,11,Thursday,3,0,0,0.3817426138957736,427,Low
2022-09-01 19:26:00,1,800466E10,1,800466E10,18653.42,US Dollar,18653.42,US Dollar,Reinvestment,0,0.0,0.0,19,Thursday,3,0,0,0.3875101720327552,384,Low
2022-09-02 15:48:00,1,8008E55A0,1,8008E55A0,9581.11,UK Pound,12375.49,US Dollar,ACH,0,-2794.379999999999,2794.379999999999,15,Friday,4,0,1,0.4968574442137696,69,Low
2022-09-05 14:55:00,1,800057020,1,800057020,36.55,Euro,42.83,US Dollar,ACH,0,-6.280000000000001,6.280000000000001,14,Monday,0,0,1,0.4779824252101218,105,Low
2022-09-08 19:28:00,1,8003D23C0,1,800779280,110.46,US Dollar,110.46,US Dollar,Cheque,0,0.0,0.0,19,Thursday,3,0,0,0.407130393005414,264,Low
2022-09-10 19:48:00,1,80005B9B0,1,80005B9B0,16.85,Euro,19.75,US Dollar,ACH,0,-2.8999999999999986,2.8999999999999986,19,Saturday,5,0,1,0.478561454935817,104,Low
2022-09-01 00:00:00,1,80C366180,1,80C366180,9080.07,US Dollar,9080.07,US Dollar,Reinvestment,0,0.0,0.0,0,Thursday,3,0,0,0.3749093909776614,489,Low
2022-09-01 03:45:00,1,812932A50,1,812932A50,393862.65,US Dollar,393862.65,US Dollar,Reinvestment,0,0.0,0.0,3,Thursday,3,0,0,0.39746154086686997,315,Low
2022-09-02 03:32:00,1,8000F7850,1,80010F690,194381.33,US Dollar,194381.33,US Dollar,ACH,0,0.0,0.0,3,Friday,4,0,0,0.4102143951519228,244,Low
2022-09-03 07:58:00,1,800147880,1,8001C8340,590.31,US Dollar,590.31,US Dollar,Cheque,0,0.0,0.0,7,Saturday,5,0,0,0.39013503991943194,369,Low
2022-09-04 10:29:00,1,800058B80,1,80024FF00,18.47,US Dollar,18.47,US Dollar,Wire,0,0.0,0.0,10,Sunday,6,0,0,0.46662325126429605,126,Low
2022-09-07 06:18:00,1,80387F580,1,80387F580,59.93,Euro,70.23,US Dollar,ACH,0,-10.300000000000004,10.300000000000004,6,Wednesday,2,0,1,0.4598997018896542,137,Low
2022-09-08 18:17:00,1,8001F0820,1,8001F0820,173.89,Euro,203.76,US Dollar,ACH,0,-29.870000000000005,29.870000000000005,18,Thursday,3,0,1,0.43913230402669456,184,Low
2022-09-05 14:08:00,1,801227860,4,806ABFC50,4016070742.0,Ruble,4016070742.0,Ruble,Cheque,0,0.0,0.0,14,Monday,0,1,0,0.6821570987242432,4,Critical
2022-09-03 00:12:00,1,801227860,4,806ABFC50,2981124303.0,Ruble,2981124303.0,Ruble,ACH,0,0.0,0.0,0,Saturday,5,1,0,0.6825616542704989,3,Critical
2022-09-03 00:04:00,1,801227860,4,806ABFC50,4016070742.0,Ruble,4016070742.0,Ruble,Cheque,0,0.0,0.0,0,Saturday,5,1,0,0.6870384261648723,1,Critical
2022-09-06 12:19:00,1,8006AF880,4,806294390,651575.57,Ruble,651575.57,Ruble,Cheque,0,0.0,0.0,12,Tuesday,1,1,0,0.6548578647457225,13,High
2022-09-02 18:23:00,1,8006AF880,4,806294390,2146543.72,Ruble,2146543.72,Ruble,Cash,0,0.0,0.0,18,Friday,4,1,0,0.6719630097980605,7,Critical
2022-09-06 12:08:00,1,8006AF880,4,806294390,2146543.72,Ruble,2146543.72,Ruble,Cash,0,0.0,0.0,12,Tuesday,1,1,0,0.6684999321293911,9,Critical
2022-09-06 07:13:00,1,801227860,4,806ABFC50,92760199.31,Ruble,92760199.31,Ruble,Credit Card,0,0.0,0.0,7,Tuesday,1,1,0,0.6769084392679601,5,Critical
2022-09-01 23:24:00,1,802921AF0,8,809F44000,29.6,Canadian Dollar,29.6,Canadian Dollar,ACH,0,0.0,0.0,23,Thursday,3,1,0,0.6721337396794544,6,Critical
2022-09-06 21:12:00,1,802921AF0,8,809F44000,29.6,Canadian Dollar,29.6,Canadian Dollar,ACH,0,0.0,0.0,21,Tuesday,1,1,0,0.6706323236319791,8,Critical
2022-09-10 09:36:00,1,8023438C0,9,8060B3330,741230.51,Ruble,741230.51,Ruble,Cheque,0,0.0,0.0,9,Saturday,5,1,0,0.6579311076325864,11,High
2022-09-04 13:02:00,1,8023438C0,9,8060B3330,741230.51,Ruble,741230.51,Ruble,Cheque,0,0.0,0.0,13,Sunday,6,1,0,0.6677575913334737,10,Critical
2022-09-03 08:00:00,1,8023438C0,9,8060B3330,741230.51,Ruble,741230.51,Ruble,Cheque,0,0.0,0.0,8,Saturday,5,1,0,0.6576821236878261,12,High
2022-09-09 01:41:00,1,8023438C0,9,8060B3330,1673041.14,Ruble,1673041.14,Ruble,Credit Card,0,0.0,0.0,1,Friday,4,1,0,0.6827269066207349,2,Critical
2022-09-02 05:01:00,1,800C4C080,10,800CF7D40,1227478.1,US Dollar,1227478.1,US Dollar,Cheque,0,0.0,0.0,5,Friday,4,1,0,0.5226641002418982,38,Medium
2022-09-07 07:05:00,1,800256410,10,8004AAC30,68.45,US Dollar,68.45,US Dollar,Credit Card,0,0.0,0.0,7,Wednesday,2,1,0,0.4972811340429445,67,Low
2022-09-08 00:29:00,1,8001547E0,10,8001742E0,40.0,US Dollar,40.0,US Dollar,ACH,0,0.0,0.0,0,Thursday,3,1,0,0.5090112457226584,54,Low
2022-09-08 06:02:00,1,8001A6A40,10,8005B6BD0,237.24,US Dollar,237.24,US Dollar,Credit Card,0,0.0,0.0,6,Thursday,3,1,0,0.4868181117934763,86,Low
2022-09-06 20:12:00,1,800157300,10,800156DC0,3715.32,US Dollar,3715.32,US Dollar,ACH,0,0.0,0.0,20,Tuesday,1,1,0,0.5013698827794263,64,Low
2022-09-01 01:56:00,1,800107BD0,10,8001AA320,31657.77,US Dollar,31657.77,US Dollar,Cheque,0,0.0,0.0,1,Thursday,3,1,0,0.49581147644758705,70,Low
2022-09-02 00:43:00,1,8002FDA90,10,800D264D0,1732891.0,US Dollar,1732891.0,US Dollar,Cheque,0,0.0,0.0,0,Friday,4,1,0,0.5434772633191051,25,High
2022-09-04 04:37:00,1,800139D10,10,8010E7A90,472.88,US Dollar,472.88,US Dollar,Cheque,0,0.0,0.0,4,Sunday,6,1,0,0.49340892918271334,74,Low
2022-09-06 01:15:00,1,800143BF0,10,8004A2F30,773.77,US Dollar,773.77,US Dollar,Cheque,0,0.0,0.0,1,Tuesday,1,1,0,0.4880647642884734,84,Low
2022-09-08 19:02:00,1,8001D49A0,10,802509730,3573.25,US Dollar,3573.25,US Dollar,Cheque,0,0.0,0.0,19,Thursday,3,1,0,0.462092878701471,134,Low
2022-09-09 17:40:00,1,8001C8340,10,8017F9850,1497.14,US Dollar,1497.14,US Dollar,Credit Card,0,0.0,0.0,17,Friday,4,1,0,0.4753491813284521,109,Low
2022-09-10 18:15:00,1,800FAF190,10,800CC5860,3016.19,US Dollar,3016.19,US Dollar,Credit Card,0,0.0,0.0,18,Saturday,5,1,0,0.49694723760674725,68,Low
2022-09-05 16:32:00,1,8012B8620,10,803CED190,218907.4,US Dollar,218907.4,US Dollar,ACH,0,0.0,0.0,16,Monday,0,1,0,0.5307736904175833,29,Medium
2022-09-06 15:36:00,1,8001580D0,10,80033F270,3.02,US Dollar,3.02,US Dollar,ACH,0,0.0,0.0,15,Tuesday,1,1,0,0.5294436581697725,31,Medium
2022-09-07 20:41:00,1,8001547E0,10,8001742E0,22.03,US Dollar,22.03,US Dollar,Cash,0,0.0,0.0,20,Wednesday,2,1,0,0.544516976666208,24,High
2022-09-05 17:04:00,1,80013C630,10,8002FF540,4298.84,US Dollar,4298.84,US Dollar,Cheque,0,0.0,0.0,17,Monday,0,1,0,0.48662619858140255,88,Low
2022-09-07 05:13:00,1,800218810,10,800424AB0,108.14,US Dollar,108.14,US Dollar,ACH,0,0.0,0.0,5,Wednesday,2,1,0,0.493578708869454,73,Low
2022-09-09 10:04:00,1,800139D10,10,8010E7A90,472.88,US Dollar,472.88,US Dollar,Cheque,0,0.0,0.0,10,Friday,4,1,0,0.45406261947805276,149,Low
2022-09-02 05:02:00,1,800C4C080,10,800CF7D40,29142.39,US Dollar,29142.39,US Dollar,Credit Card,0,0.0,0.0,5,Friday,4,1,0,0.5084300601629039,55,Low
2022-09-02 12:10:00,1,800791830,10,800D65CA0,4095167.39,US Dollar,4095167.39,US Dollar,ACH,0,0.0,0.0,12,Friday,4,1,0,0.5314315108494253,28,Medium
2022-09-02 20:02:00,1,800139D10,10,8010E7A90,472.88,US Dollar,472.88,US Dollar,Cheque,0,0.0,0.0,20,Friday,4,1,0,0.4618283071573443,135,Low
2022-09-02 13:39:00,1,80040EED0,10,80163EBC0,60762.91,US Dollar,60762.91,US Dollar,Cheque,0,0.0,0.0,13,Friday,4,1,0,0.4887508275370683,82,Low
2022-09-06 13:05:00,1,8000F6B10,10,8002179C0,4.74,US Dollar,4.74,US Dollar,Wire,0,0.0,0.0,13,Tuesday,1,1,0,0.5490930564978056,22,High
2022-09-07 04:31:00,1,800128AC0,10,8002179C0,47307.18,US Dollar,47307.18,US Dollar,ACH,0,0.0,0.0,4,Wednesday,2,1,0,0.5064247283111236,57,Low
2022-09-01 04:48:00,1,800059C00,10,80018E990,1518.21,US Dollar,1518.21,US Dollar,Cheque,0,0.0,0.0,4,Thursday,3,1,0,0.4644068047797694,129,Low
2022-09-01 19:08:00,1,8016BCC20,10,8030E5890,50.83,US Dollar,50.83,US Dollar,Cheque,0,0.0,0.0,19,Thursday,3,1,0,0.48453337444485595,94,Low
2022-09-08 14:13:00,1,800699BC0,10,800E2BAF0,7162.78,US Dollar,7162.78,US Dollar,Cheque,0,0.0,0.0,14,Thursday,3,1,0,0.4623248353678238,133,Low
2022-09-08 19:44:00,1,800107BD0,10,8001AA320,19126.46,US Dollar,19126.46,US Dollar,Credit Card,0,0.0,0.0,19,Thursday,3,1,0,0.4899812670479553,79,Low
2022-09-09 07:15:00,1,8005D58E0,10,800E2B170,55.92,US Dollar,55.92,US Dollar,ACH,0,0.0,0.0,7,Friday,4,1,0,0.4924992257292496,76,Low
2022-09-01 16:04:00,1,8001F6960,10,8003BBB30,3673.02,US Dollar,3673.02,US Dollar,Credit Card,0,0.0,0.0,16,Thursday,3,1,0,0.47223731220656046,116,Low
2022-09-05 07:48:00,1,801A55F20,10,805B65680,97.55,US Dollar,97.55,US Dollar,Credit Card,0,0.0,0.0,7,Monday,0,1,0,0.515510710325584,48,Medium
2022-09-07 12:21:00,1,800336620,10,8023DB500,8452.01,US Dollar,8452.01,US Dollar,Cheque,0,0.0,0.0,12,Wednesday,2,1,0,0.4721960488403755,117,Low
2022-09-09 20:07:00,1,80011B810,10,8003B9A50,5002.42,US Dollar,5002.42,US Dollar,Wire,0,0.0,0.0,20,Friday,4,1,0,0.5222629041757835,39,Medium
2022-09-01 08:20:00,1,8004375A0,10,80123F370,608.85,US Dollar,608.85,US Dollar,Cheque,0,0.0,0.0,8,Thursday,3,1,0,0.45351066709714455,151,Low
2022-09-08 01:03:00,1,80196A3A0,10,8022047F0,10442.1,US Dollar,10442.1,US Dollar,Cash,0,0.0,0.0,1,Thursday,3,1,0,0.54127686425943,26,Medium
2022-09-08 16:03:00,1,8004375A0,10,80123F370,608.85,US Dollar,608.85,US Dollar,Cheque,0,0.0,0.0,16,Thursday,3,1,0,0.4496907088280395,157,Low
2022-09-05 07:18:00,1,80005AB30,10,800155D50,25.19,US Dollar,25.19,US Dollar,Cash,0,0.0,0.0,7,Monday,0,1,0,0.5586229741123364,19,High
2022-09-09 22:13:00,1,8002183B0,10,80026D340,154.63,US Dollar,154.63,US Dollar,Cheque,0,0.0,0.0,22,Friday,4,1,0,0.4803581526606555,102,Low
2022-09-04 11:40:00,1,800058B80,10,80024D950,846.98,US Dollar,846.98,US Dollar,Credit Card,0,0.0,0.0,11,Sunday,6,1,0,0.5044716224751605,60,Low
2022-09-05 15:43:00,1,8006A9500,10,8006B2620,3664.62,US Dollar,3664.62,US Dollar,Cheque,0,0.0,0.0,15,Monday,0,1,0,0.48216381454610935,96,Low
2022-09-03 15:46:00,1,8001BA930,10,800AD0B30,1088.71,US Dollar,1088.71,US Dollar,Cheque,0,0.0,0.0,15,Saturday,5,1,0,0.4707586948462733,121,Low
2022-09-08 20:53:00,1,80019F690,10,800263CC0,1129.65,US Dollar,1129.65,US Dollar,ACH,0,0.0,0.0,20,Thursday,3,1,0,0.4862265880532897,89,Low
2022-09-06 16:44:00,1,8001E6840,10,8002C4BC0,649.57,US Dollar,649.57,US Dollar,Cheque,0,0.0,0.0,16,Tuesday,1,1,0,0.4632586320747654,132,Low
2022-09-08 09:46:00,1,8001C5D70,10,800C3A0D0,1128.16,US Dollar,1128.16,US Dollar,Credit Card,0,0.0,0.0,9,Thursday,3,1,0,0.4764293070755419,108,Low
2022-09-09 22:37:00,1,8001BA930,10,800AD0B30,262.96,US Dollar,262.96,US Dollar,ACH,0,0.0,0.0,22,Friday,4,1,0,0.4946286079149605,71,Low
2022-09-02 15:00:00,1,80014F510,10,80018DF90,62.11,US Dollar,62.11,US Dollar,Credit Card,0,0.0,0.0,15,Friday,4,1,0,0.48620981672506824,90,Low
2022-09-04 01:23:00,1,800253C40,10,800268440,132.65,US Dollar,132.65,US Dollar,Cheque,0,0.0,0.0,1,Sunday,6,1,0,0.5190783238914123,41,Medium
2022-09-09 05:53:00,1,8000F7660,10,80005CF10,32913.05,US Dollar,32913.05,US Dollar,Cheque,0,0.0,0.0,5,Friday,4,1,0,0.48353379418328657,95,Low
2022-09-09 18:53:00,1,810C480A0,10,813A33880,49.63,US Dollar,49.63,US Dollar,Cheque,0,0.0,0.0,18,Friday,4,1,0,0.48474790255031475,93,Low
2022-09-05 17:18:00,1,800711AE0,10,8012C73B0,275.64,US Dollar,275.64,US Dollar,Credit Card,0,0.0,0.0,17,Monday,0,1,0,0.502049179843576,63,Low
2022-09-05 16:28:00,1,800115CA0,10,8008494E0,397.02,US Dollar,397.02,US Dollar,Cheque,0,0.0,0.0,16,Monday,0,1,0,0.479959172547602,103,Low
2022-09-06 17:07:00,1,800149630,10,8021D2EC0,28417.2,US Dollar,28417.2,US Dollar,Credit Card,0,0.0,0.0,17,Tuesday,1,1,0,0.5050889905119105,59,Low
2022-09-06 20:53:00,1,800059C00,10,80040A220,11459.48,US Dollar,11459.48,US Dollar,Credit Card,0,0.0,0.0,20,Tuesday,1,1,0,0.5036065367333327,61,Low
2022-09-06 00:18:00,1,8001275E0,10,800805630,527.32,US Dollar,527.32,US Dollar,Cheque,0,0.0,0.0,0,Tuesday,1,1,0,0.4908201564567436,78,Low
2022-09-10 00:01:00,1,800115CA0,10,80012AB70,450.34,US Dollar,450.34,US Dollar,Cheque,0,0.0,0.0,0,Saturday,5,1,0,0.49340557095464854,75,Low
2022-09-10 15:03:00,1,8003C4EA0,10,8005E7310,1397.61,US Dollar,1397.61,US Dollar,Cash,0,0.0,0.0,15,Saturday,5,1,0,0.530716221161201,30,Medium
2022-09-01 18:02:00,1,800116420,10,80011DC60,1678.31,US Dollar,1678.31,US Dollar,Credit Card,0,0.0,0.0,18,Thursday,3,1,0,0.4724338801929727,115,Low
2022-09-02 16:37:00,1,8002183B0,10,80026D340,102.04,US Dollar,102.04,US Dollar,Credit Card,0,0.0,0.0,16,Friday,4,1,0,0.4819812600220145,97,Low
2022-09-06 14:02:00,1,800175080,10,8006F7210,8512.11,US Dollar,8512.11,US Dollar,Credit Card,0,0.0,0.0,14,Tuesday,1,1,0,0.49390288371961,72,Low
2022-09-07 22:09:00,1,8001C5D70,10,800C3A0D0,616.53,US Dollar,616.53,US Dollar,Cheque,0,0.0,0.0,22,Wednesday,2,1,0,0.4717499613892529,118,Low
2022-09-02 16:01:00,1,8000F6B10,10,8002179C0,187.29,US Dollar,187.29,US Dollar,Credit Card,0,0.0,0.0,16,Friday,4,1,0,0.47649884105341095,107,Low
2022-09-04 15:49:00,1,8001E3CC0,10,80030B8F0,2927.85,US Dollar,2927.85,US Dollar,Cheque,0,0.0,0.0,15,Sunday,6,1,0,0.48669610641178107,87,Low
2022-09-02 14:20:00,1,800115CA0,10,800171EA0,72.95,US Dollar,72.95,US Dollar,Credit Card,0,0.0,0.0,14,Friday,4,1,0,0.4857111803419633,91,Low
2022-09-07 02:50:00,1,8006A9500,10,8006B2620,3664.62,US Dollar,3664.62,US Dollar,Cheque,0,0.0,0.0,2,Wednesday,2,1,0,0.4808409340119207,100,Low
2022-09-08 20:15:00,1,803D60750,10,80602F070,192.1,US Dollar,192.1,US Dollar,Cheque,0,0.0,0.0,20,Thursday,3,1,0,0.4694283906949671,123,Low
2022-09-09 08:07:00,1,800057020,10,800146140,394.56,US Dollar,394.56,US Dollar,Cheque,0,0.0,0.0,8,Friday,4,1,0,0.4574915265895806,140,Low
2022-09-07 02:45:00,1,800115AD0,10,800216DF0,8.22,US Dollar,8.22,US Dollar,ACH,0,0.0,0.0,2,Wednesday,2,1,0,0.523907131818942,37,Medium
